RunId,iteration,Step,estrategia,avances,rescatistas,rng,Rescatados,Perdidas,Danio,Fuegos,Paredes,Puertas,Rescatando,Pasos,Avances,Estado,gano,motivo
538,179,4.0,mejorada,1,3,6904690273224461891,2,4,9,11,6,5,3,4,1,perdido,0,victimas
28,9,4.0,mejorada,1,3,4154077065378586294,1,4,8,14,7,6,1,4,1,perdido,0,victimas
8,2,5.0,mejorada,1,4,7919168045412322065,1,0,24,12,16,6,2,5,1,perdido,0,colapso
479,159,5.0,mejorada,1,4,7089521783151875089,0,4,7,7,6,6,0,5,1,perdido,0,victimas
470,156,5.0,mejorada,1,4,2593923817679570304,1,4,7,10,5,6,3,5,1,perdido,0,victimas
573,191,5.0,mejorada,1,2,2222561263212250043,0,4,6,13,4,7,1,5,1,perdido,0,victimas
281,93,5.0,mejorada,1,4,3514300522226417888,0,1,24,17,16,6,0,5,1,perdido,0,colapso
181,60,5.0,mejorada,1,3,6164929187129147890,0,5,7,6,5,6,3,5,1,perdido,0,victimas
641,213,5.0,mejorada,1,4,7416739668938578572,3,4,11,15,8,7,2,5,1,perdido,0,victimas
257,85,5.0,mejorada,1,4,830544921056646276,1,4,18,17,13,6,0,5,1,perdido,0,victimas
667,222,5.0,mejorada,1,3,6113843244235381328,0,4,11,9,9,6,1,5,1,perdido,0,victimas
668,222,5.0,mejorada,1,4,6113843244235381328,0,4,14,16,11,6,1,5,1,perdido,0,victimas
418,139,5.0,mejorada,1,3,763049567893618475,1,4,13,9,10,6,3,5,1,perdido,0,victimas
521,173,5.0,mejorada,1,4,8633478089267323312,0,4,11,20,7,6,0,5,1,perdido,0,victimas
767,255,5.0,mejorada,1,4,6880767251491745953,0,4,8,13,5,8,2,5,1,perdido,0,victimas
653,217,5.0,mejorada,1,4,1141427372043005697,0,5,4,13,4,7,3,5,1,perdido,0,victimas
335,111,5.0,mejorada,1,4,1866472600136169721,0,4,10,18,8,7,1,5,1,perdido,0,victimas
659,219,6.0,mejorada,1,4,3667011595388186359,1,3,24,23,17,6,0,6,1,perdido,0,colapso
664,221,6.0,mejorada,1,3,4506392421548718624,1,0,24,9,17,7,3,6,1,perdido,0,colapso
764,254,6.0,mejorada,1,4,2182825021047865272,2,4,14,21,13,7,1,6,1,perdido,0,victimas
862,287,6.0,mejorada,1,3,3445982197241601284,0,0,25,7,17,8,3,6,1,perdido,0,colapso
236,78,6.0,mejorada,1,4,5137714777533577109,0,4,6,14,4,7,3,6,1,perdido,0,victimas
423,141,6.0,mejorada,1,2,4525973170018542717,0,4,16,16,12,7,1,6,1,perdido,0,victimas
191,63,6.0,mejorada,1,4,7055869069716825080,3,4,9,10,7,5,3,6,1,perdido,0,victimas
182,60,6.0,mejorada,1,4,6164929187129147890,1,4,14,8,12,7,3,6,1,perdido,0,victimas
256,85,6.0,mejorada,1,3,830544921056646276,1,2,24,19,15,7,0,6,1,perdido,0,colapso
41,13,6.0,mejorada,1,4,7588636456839696474,2,4,13,13,13,7,3,6,1,perdido,0,victimas
37,12,6.0,mejorada,1,3,5938607544058144514,0,4,14,9,9,7,2,6,1,perdido,0,victimas
167,55,6.0,mejorada,1,4,7200954313088743597,0,2,24,20,18,8,1,6,1,perdido,0,colapso
637,212,6.0,mejorada,1,3,1842605159165816250,2,2,25,15,17,6,0,6,1,perdido,0,colapso
165,55,6.0,mejorada,1,2,7200954313088743597,2,4,15,12,12,8,2,6,1,perdido,0,victimas
166,55,6.0,mejorada,1,3,7200954313088743597,0,1,24,14,20,8,1,6,1,perdido,0,colapso
506,168,6.0,mejorada,1,4,2925089995860117194,1,4,23,10,16,5,3,6,1,perdido,0,victimas
452,150,6.0,mejorada,1,4,7621197827893166670,0,0,24,13,16,6,0,6,1,perdido,0,colapso
152,50,6.0,mejorada,1,4,1843827724646817314,3,4,10,15,8,5,2,6,1,perdido,0,victimas
548,182,6.0,mejorada,1,4,4785623692276692567,1,4,8,15,6,8,0,6,1,perdido,0,victimas
692,230,6.0,mejorada,1,4,1294404315222758923,2,4,10,15,10,7,0,6,1,perdido,0,victimas
469,156,6.0,mejorada,1,3,2593923817679570304,3,4,8,6,5,6,2,6,1,perdido,0,victimas
131,43,6.0,mejorada,1,4,2881073745369361439,1,3,24,13,16,6,0,6,1,perdido,0,colapso
305,101,6.0,mejorada,1,4,6453659211977871293,0,2,25,12,19,6,1,6,1,perdido,0,colapso
101,33,6.0,mejorada,1,4,3416887693423450256,0,1,24,18,20,6,0,6,1,perdido,0,colapso
346,115,6.0,mejorada,1,3,7900872234267989194,3,4,7,11,7,6,3,6,1,perdido,0,victimas
126,42,6.0,mejorada,1,2,6458805560192802266,0,4,12,5,12,8,2,6,1,perdido,0,victimas
714,238,6.0,mejorada,1,2,164515294560768872,2,4,4,9,2,6,2,6,1,perdido,0,victimas
485,161,7.0,mejorada,1,4,8448718037869960638,0,2,24,25,15,7,0,7,1,perdido,0,colapso
474,158,7.0,mejorada,1,2,6705341796357657446,0,4,22,12,13,8,1,7,1,perdido,0,victimas
475,158,7.0,mejorada,1,3,6705341796357657446,3,4,12,15,10,6,2,7,1,perdido,0,victimas
99,33,7.0,mejorada,1,2,3416887693423450256,2,2,24,9,16,7,1,7,1,perdido,0,colapso
100,33,7.0,mejorada,1,3,3416887693423450256,0,3,26,16,22,7,0,7,1,perdido,0,colapso
821,273,7.0,mejorada,1,4,5452339343277554439,1,3,24,16,16,6,0,7,1,perdido,0,colapso
626,208,7.0,mejorada,1,4,1123706516370774243,3,4,17,22,11,7,1,7,1,perdido,0,victimas
811,270,7.0,mejorada,1,3,510932467855766150,0,2,24,19,16,7,0,7,1,perdido,0,colapso
457,152,7.0,mejorada,1,3,1293569525664144302,3,4,8,10,6,8,2,7,1,perdido,0,victimas
504,168,7.0,mejorada,1,2,2925089995860117194,3,4,10,12,10,6,1,7,1,perdido,0,victimas
809,269,7.0,mejorada,1,4,195056022512469942,1,2,24,10,19,7,3,7,1,perdido,0,colapso
158,52,7.0,mejorada,1,4,7258096298572574743,4,4,21,22,14,7,2,7,1,perdido,0,victimas
803,267,7.0,mejorada,1,4,1416833493700755846,1,2,24,21,16,6,0,7,1,perdido,0,colapso
79,26,7.0,mejorada,1,3,4304741454788720907,0,1,26,10,17,6,0,7,1,perdido,0,colapso
80,26,7.0,mejorada,1,4,4304741454788720907,0,1,26,10,17,6,0,7,1,perdido,0,colapso
77,25,7.0,mejorada,1,4,1795225215291384455,0,4,16,15,10,6,0,7,1,perdido,0,victimas
642,214,7.0,mejorada,1,2,6598466114264925483,1,4,10,7,9,7,2,7,1,perdido,0,victimas
793,264,7.0,mejorada,1,3,8494453302709679971,0,2,26,7,21,8,1,7,1,perdido,0,colapso
790,263,7.0,mejorada,1,3,1326984363454281926,2,4,19,12,13,7,0,7,1,perdido,0,victimas
428,142,7.0,mejorada,1,4,8649922300238901775,1,1,26,12,21,7,1,7,1,perdido,0,colapso
426,142,7.0,mejorada,1,2,8649922300238901775,1,1,24,11,16,5,0,7,1,perdido,0,colapso
427,142,7.0,mejorada,1,3,8649922300238901775,1,1,24,11,16,5,1,7,1,perdido,0,colapso
860,286,7.0,mejorada,1,4,454289072440062170,1,1,24,14,20,7,1,7,1,perdido,0,colapso
425,141,7.0,mejorada,1,4,4525973170018542717,1,4,14,12,9,7,1,7,1,perdido,0,victimas
202,67,7.0,mejorada,1,3,2803444835069964884,0,0,25,12,16,6,1,7,1,perdido,0,colapso
781,260,7.0,mejorada,1,3,1348210213023278175,1,1,25,14,15,7,2,7,1,perdido,0,colapso
863,287,7.0,mejorada,1,4,3445982197241601284,2,4,14,10,9,8,3,7,1,perdido,0,victimas
520,173,7.0,mejorada,1,3,8633478089267323312,3,4,12,12,11,6,1,7,1,perdido,0,victimas
209,69,7.0,mejorada,1,4,4028006955853994645,0,4,17,13,14,6,3,7,1,perdido,0,victimas
773,257,7.0,mejorada,1,4,971018897820300926,1,2,24,13,15,6,0,7,1,perdido,0,colapso
224,74,7.0,mejorada,1,4,537747877366898908,0,2,25,18,18,7,2,7,1,perdido,0,colapso
666,222,7.0,mejorada,1,2,6113843244235381328,0,4,13,9,13,6,1,7,1,perdido,0,victimas
763,254,7.0,mejorada,1,3,2182825021047865272,7,1,18,12,13,6,3,7,1,ganado,1,victoria
761,253,7.0,mejorada,1,4,2285916494551865702,1,4,17,16,13,7,0,7,1,perdido,0,victimas
53,17,7.0,mejorada,1,4,588610295420051415,2,1,24,13,17,7,0,7,1,perdido,0,colapso
50,16,7.0,mejorada,1,4,5115141816626912272,8,0,11,11,11,5,2,7,1,ganado,1,victoria
394,131,7.0,mejorada,1,3,8532727030568331756,1,4,15,17,10,7,3,7,1,perdido,0,victimas
244,81,7.0,mejorada,1,3,3748257213951522985,0,2,24,13,15,6,3,7,1,perdido,0,colapso
245,81,7.0,mejorada,1,4,3748257213951522985,1,2,25,10,18,4,1,7,1,perdido,0,colapso
253,84,7.0,mejorada,1,3,209481900241850334,1,0,25,17,18,5,0,7,1,perdido,0,colapso
254,84,7.0,mejorada,1,4,209481900241850334,1,0,25,17,18,5,0,7,1,perdido,0,colapso
40,13,7.0,mejorada,1,3,7588636456839696474,3,4,9,11,7,6,3,7,1,perdido,0,victimas
378,126,7.0,mejorada,1,2,3042432681873228590,2,4,15,10,10,6,1,7,1,perdido,0,victimas
579,193,7.0,mejorada,1,2,7665661379552511350,2,4,7,7,6,6,2,7,1,perdido,0,victimas
272,90,7.0,mejorada,1,4,1404831189039190376,1,4,19,8,12,6,2,7,1,perdido,0,victimas
545,181,7.0,mejorada,1,4,8240590753011135886,3,4,9,15,5,8,0,7,1,perdido,0,victimas
32,10,7.0,mejorada,1,4,3420008128027789332,1,3,25,12,17,8,1,7,1,perdido,0,colapso
279,93,7.0,mejorada,1,2,3514300522226417888,0,4,18,5,12,8,0,7,1,perdido,0,victimas
280,93,7.0,mejorada,1,3,3514300522226417888,0,1,24,9,18,7,0,7,1,perdido,0,colapso
284,94,7.0,mejorada,1,4,2780958171820188827,2,1,24,21,16,7,0,7,1,perdido,0,colapso
883,294,7.0,mejorada,1,3,7780605619557833769,3,4,6,14,5,7,0,7,1,perdido,0,victimas
290,96,7.0,mejorada,1,4,3337132314759568599,4,4,10,7,7,6,4,7,1,perdido,0,victimas
23,7,7.0,mejorada,1,4,7250163532461132703,1,2,24,14,15,6,0,7,1,perdido,0,colapso
553,184,7.0,mejorada,1,3,7120557878436733737,3,2,25,11,14,7,1,7,1,perdido,0,colapso
701,233,7.0,mejorada,1,4,5497522218277438576,0,0,24,11,17,7,1,7,1,perdido,0,colapso
572,190,7.0,mejorada,1,4,8640576216391083761,2,3,26,23,19,7,2,7,1,perdido,0,colapso
17,5,7.0,mejorada,1,4,8998527916616952261,0,3,24,16,20,7,1,7,1,perdido,0,colapso
700,233,7.0,mejorada,1,3,5497522218277438576,2,3,24,18,16,7,1,7,1,perdido,0,colapso
347,115,7.0,mejorada,1,4,7900872234267989194,2,2,26,10,16,7,1,7,1,perdido,0,colapso
344,114,7.0,mejorada,1,4,1630441143038709432,0,1,24,17,15,5,0,7,1,perdido,0,colapso
343,114,7.0,mejorada,1,3,1630441143038709432,0,1,24,17,15,5,0,7,1,perdido,0,colapso
718,239,7.0,mejorada,1,3,1006675687759647796,1,4,14,11,9,7,0,7,1,perdido,0,victimas
317,105,7.0,mejorada,1,4,6612144924184611097,1,0,24,11,13,7,0,7,1,perdido,0,colapso
319,106,7.0,mejorada,1,3,4144628313312078530,2,1,24,12,17,7,2,7,1,perdido,0,colapso
338,112,7.0,mejorada,1,4,2821951771681615127,0,1,27,19,20,7,0,7,1,perdido,0,colapso
564,188,8.0,mejorada,1,2,6887918418730252866,2,1,25,12,17,8,0,8,1,perdido,0,colapso
13,4,8.0,mejorada,1,3,868632717012091125,4,4,20,11,14,7,3,8,1,perdido,0,victimas
14,4,8.0,mejorada,1,4,868632717012091125,4,3,25,24,18,7,0,8,1,perdido,0,colapso
16,5,8.0,mejorada,1,3,8998527916616952261,2,2,24,9,16,7,2,8,1,perdido,0,colapso
569,189,8.0,mejorada,1,4,2420770983341428564,1,4,14,14,12,6,0,8,1,perdido,0,victimas
896,298,8.0,mejorada,1,4,7189411352906604064,0,3,24,14,16,7,0,8,1,perdido,0,colapso
897,299,8.0,mejorada,1,2,5925862281964184321,1,4,14,8,10,7,2,8,1,perdido,0,victimas
554,184,8.0,mejorada,1,4,7120557878436733737,3,4,17,10,11,7,2,8,1,perdido,0,victimas
571,190,8.0,mejorada,1,3,8640576216391083761,2,1,24,13,18,8,1,8,1,perdido,0,colapso
341,113,8.0,mejorada,1,4,5342357575377760769,2,4,21,25,15,7,0,8,1,perdido,0,victimas
688,229,8.0,mejorada,1,3,976731152530218924,0,2,24,16,15,6,1,8,1,perdido,0,colapso
707,235,8.0,mejorada,1,4,7418919976603579272,2,1,24,22,18,8,1,8,1,perdido,0,colapso
334,111,8.0,mejorada,1,3,1866472600136169721,1,4,19,12,13,6,1,8,1,perdido,0,victimas
370,123,8.0,mejorada,1,3,3835146365897628933,3,4,13,14,8,6,0,8,1,perdido,0,victimas
331,110,8.0,mejorada,1,3,4203794286712746030,2,4,8,16,7,5,1,8,1,perdido,0,victimas
35,11,8.0,mejorada,1,4,8547898282882222422,2,2,25,15,20,8,0,8,1,perdido,0,colapso
711,237,8.0,mejorada,1,2,7238165253378328548,1,4,19,12,12,7,2,8,1,perdido,0,victimas
326,108,8.0,mejorada,1,4,889049704932113065,2,1,25,26,18,8,0,8,1,perdido,0,colapso
544,181,8.0,mejorada,1,3,8240590753011135886,1,4,10,18,9,8,2,8,1,perdido,0,victimas
683,227,8.0,mejorada,1,4,5120798098513749764,3,2,24,20,18,8,1,8,1,perdido,0,colapso
320,106,8.0,mejorada,1,4,4144628313312078530,0,0,25,10,16,7,2,8,1,perdido,0,colapso
536,178,8.0,mejorada,1,4,8224271163474684205,2,4,12,13,7,7,3,8,1,perdido,0,victimas
871,290,8.0,mejorada,1,3,7687298318890824016,0,2,24,16,13,7,0,8,1,perdido,0,colapso
539,179,8.0,mejorada,1,4,6904690273224461891,2,6,16,12,11,7,4,8,1,perdido,0,victimas
715,238,8.0,mejorada,1,3,164515294560768872,4,4,18,15,11,7,2,8,1,perdido,0,victimas
312,104,8.0,mejorada,1,2,7182709311313489600,1,4,16,9,12,7,1,8,1,perdido,0,victimas
380,126,8.0,mejorada,1,4,3042432681873228590,1,3,25,17,17,8,0,8,1,perdido,0,colapso
722,240,8.0,mejorada,1,4,7650128693076619938,0,3,24,13,17,7,0,8,1,perdido,0,colapso
308,102,8.0,mejorada,1,4,2452217567965390843,2,1,24,18,15,6,1,8,1,perdido,0,colapso
677,225,8.0,mejorada,1,4,8529852206364137934,1,1,25,17,18,7,0,8,1,perdido,0,colapso
68,22,8.0,mejorada,1,4,8953109014434126403,3,1,25,11,16,8,1,8,1,perdido,0,colapso
389,129,8.0,mejorada,1,4,5420064514633398218,1,0,24,17,18,7,0,8,1,perdido,0,colapso
525,175,8.0,mejorada,1,2,414227351061035947,0,2,27,6,17,8,2,8,1,perdido,0,colapso
527,175,8.0,mejorada,1,4,414227351061035947,3,4,11,9,8,8,1,8,1,perdido,0,victimas
593,197,8.0,mejorada,1,4,8066411071954915232,0,2,25,19,17,7,0,8,1,perdido,0,colapso
734,244,8.0,mejorada,1,4,5589509374536079274,1,4,21,17,16,8,1,8,1,perdido,0,victimas
395,131,8.0,mejorada,1,4,8532727030568331756,1,2,25,15,18,7,1,8,1,perdido,0,colapso
92,30,8.0,mejorada,1,4,6869218442907837545,3,4,21,10,12,7,1,8,1,perdido,0,victimas
841,280,8.0,mejorada,1,3,400986671269313044,1,4,14,11,12,6,1,8,1,perdido,0,victimas
96,32,8.0,mejorada,1,2,3005208497149623952,2,1,24,9,19,8,2,8,1,perdido,0,colapso
283,94,8.0,mejorada,1,3,2780958171820188827,2,1,24,10,16,7,2,8,1,perdido,0,colapso
661,220,8.0,mejorada,1,3,2775761748300347022,2,4,13,8,9,6,3,8,1,perdido,0,victimas
662,220,8.0,mejorada,1,4,2775761748300347022,1,4,17,11,13,7,1,8,1,perdido,0,victimas
744,248,8.0,mejorada,1,2,3451238642599062930,0,4,10,5,10,6,2,8,1,perdido,0,victimas
748,249,8.0,mejorada,1,3,3928068926454801528,2,4,11,13,9,7,3,8,1,perdido,0,victimas
750,250,8.0,mejorada,1,2,6013002391292390018,1,4,17,15,11,7,1,8,1,perdido,0,victimas
833,277,8.0,mejorada,1,4,4653433186410401850,2,1,26,23,17,8,3,8,1,perdido,0,colapso
260,86,8.0,mejorada,1,4,6662589034851875519,4,3,25,20,16,7,1,8,1,perdido,0,colapso
261,87,8.0,mejorada,1,2,4260065529960581386,0,3,25,10,15,8,1,8,1,perdido,0,colapso
503,167,8.0,mejorada,1,4,7454804026184590417,1,0,24,13,18,7,0,8,1,perdido,0,colapso
505,168,8.0,mejorada,1,3,2925089995860117194,3,4,23,8,16,5,3,8,1,perdido,0,victimas
608,202,8.0,mejorada,1,4,4618522254520175249,1,1,24,13,16,5,2,8,1,perdido,0,colapso
827,275,8.0,mejorada,1,4,3630600148398900764,1,4,10,7,7,7,4,8,1,perdido,0,victimas
607,202,8.0,mejorada,1,3,4618522254520175249,1,2,24,12,16,5,3,8,1,perdido,0,colapso
129,43,8.0,mejorada,1,2,2881073745369361439,2,2,26,13,17,6,0,8,1,perdido,0,colapso
822,274,8.0,mejorada,1,2,6278483331563398250,0,2,25,17,15,8,0,8,1,perdido,0,colapso
758,252,8.0,mejorada,1,4,4186459809758113773,3,4,16,14,12,7,0,8,1,perdido,0,victimas
246,82,8.0,mejorada,1,2,7508012853358472210,1,4,10,12,8,6,2,8,1,perdido,0,victimas
247,82,8.0,mejorada,1,3,7508012853358472210,7,1,11,2,7,8,3,8,1,ganado,1,victoria
820,273,8.0,mejorada,1,3,5452339343277554439,1,4,18,5,13,6,3,8,1,perdido,0,victimas
237,79,8.0,mejorada,1,2,7230184821612632325,0,4,14,7,12,8,1,8,1,perdido,0,victimas
766,255,8.0,mejorada,1,3,6880767251491745953,2,4,17,13,11,8,1,8,1,perdido,0,victimas
489,163,8.0,mejorada,1,2,345069924462636029,0,3,25,14,16,8,0,8,1,perdido,0,colapso
223,74,8.0,mejorada,1,3,537747877366898908,2,4,18,14,13,6,0,8,1,perdido,0,victimas
643,214,8.0,mejorada,1,3,6598466114264925483,4,4,8,9,5,7,3,8,1,perdido,0,victimas
772,257,8.0,mejorada,1,3,971018897820300926,1,3,26,18,17,6,0,8,1,perdido,0,colapso
148,49,8.0,mejorada,1,3,1288989149403113816,2,4,17,14,13,7,3,8,1,perdido,0,victimas
806,268,8.0,mejorada,1,4,1065207823745613756,1,3,24,17,15,7,0,8,1,perdido,0,colapso
156,52,8.0,mejorada,1,2,7258096298572574743,1,4,14,9,10,7,2,8,1,perdido,0,victimas
215,71,8.0,mejorada,1,4,3768011668784017290,1,1,25,15,16,7,1,8,1,perdido,0,colapso
625,208,8.0,mejorada,1,3,1123706516370774243,1,4,14,12,10,7,2,8,1,perdido,0,victimas
798,266,8.0,mejorada,1,2,2626079245766705074,0,6,13,16,11,7,2,8,1,perdido,0,victimas
638,212,8.0,mejorada,1,4,1842605159165816250,1,4,25,8,16,8,3,8,1,perdido,0,victimas
624,208,8.0,mejorada,1,2,1123706516370774243,1,4,14,13,11,7,2,8,1,perdido,0,victimas
461,153,8.0,mejorada,1,4,5110081473724927983,5,0,24,17,17,7,2,8,1,perdido,0,colapso
357,119,8.0,mejorada,1,2,5785902819806701605,1,4,11,7,10,8,2,8,1,perdido,0,victimas
566,188,8.0,mejorada,1,4,6887918418730252866,1,4,13,10,9,7,2,8,1,perdido,0,victimas
6,2,8.0,mejorada,1,2,7919168045412322065,1,3,24,13,13,8,1,8,1,perdido,0,colapso
5,1,8.0,mejorada,1,4,4047939128787533792,0,4,17,16,12,6,1,8,1,perdido,0,victimas
4,1,8.0,mejorada,1,3,4047939128787533792,0,4,17,10,12,6,1,8,1,perdido,0,victimas
898,299,8.0,mejorada,1,3,5925862281964184321,3,4,18,12,13,7,1,8,1,perdido,0,victimas
7,2,9.0,mejorada,1,3,7919168045412322065,7,1,14,10,10,7,3,9,1,ganado,1,victoria
11,3,9.0,mejorada,1,4,6432084778622665797,0,2,24,12,17,7,0,9,1,perdido,0,colapso
893,297,9.0,mejorada,1,4,7397383076949300129,0,3,26,12,24,7,0,9,1,perdido,0,colapso
188,62,9.0,mejorada,1,4,5213382898739266301,4,0,26,17,17,7,1,9,1,perdido,0,colapso
451,150,9.0,mejorada,1,3,7621197827893166670,1,2,27,11,17,7,0,9,1,perdido,0,colapso
453,151,9.0,mejorada,1,2,8265624203513098004,1,0,24,6,18,8,2,9,1,perdido,0,colapso
454,151,9.0,mejorada,1,3,8265624203513098004,3,3,25,9,18,7,1,9,1,perdido,0,colapso
178,59,9.0,mejorada,1,3,1056353477630618950,1,3,24,4,18,6,2,9,1,perdido,0,colapso
179,59,9.0,mejorada,1,4,1056353477630618950,1,3,24,4,18,6,2,9,1,perdido,0,colapso
195,65,9.0,mejorada,1,2,5105868764207785778,4,4,2,4,2,7,2,9,1,perdido,0,victimas
445,148,9.0,mejorada,1,3,4048243689632662950,2,2,24,14,20,8,1,9,1,perdido,0,colapso
629,209,9.0,mejorada,1,4,4670069332732337558,1,2,24,17,15,7,4,9,1,perdido,0,colapso
782,260,9.0,mejorada,1,4,1348210213023278175,1,1,24,10,16,7,1,9,1,perdido,0,colapso
176,58,9.0,mejorada,1,4,1289399723366875885,3,4,20,7,14,7,4,9,1,perdido,0,victimas
460,153,9.0,mejorada,1,3,5110081473724927983,3,3,25,13,19,7,0,9,1,perdido,0,colapso
198,66,9.0,mejorada,1,2,5157775689228201532,3,4,18,15,15,8,2,9,1,perdido,0,victimas
199,66,9.0,mejorada,1,3,5157775689228201532,3,5,6,6,6,7,3,9,1,perdido,0,victimas
200,66,9.0,mejorada,1,4,5157775689228201532,7,2,7,9,5,7,4,9,1,ganado,1,victoria
173,57,9.0,mejorada,1,4,5245711642959262883,3,2,26,13,20,8,1,9,1,perdido,0,colapso
174,58,9.0,mejorada,1,2,1289399723366875885,3,4,18,6,13,7,2,9,1,perdido,0,victimas
783,261,9.0,mejorada,1,2,7606184634050499706,0,1,26,15,19,8,2,9,1,perdido,0,colapso
466,155,9.0,mejorada,1,3,6200320476196052908,1,2,25,24,15,7,1,9,1,perdido,0,colapso
439,146,9.0,mejorada,1,3,3058184218377271978,1,3,25,7,18,6,2,9,1,perdido,0,colapso
440,146,9.0,mejorada,1,4,3058184218377271978,2,3,26,8,18,6,2,9,1,perdido,0,colapso
473,157,9.0,mejorada,1,4,6082100289286389018,3,1,25,14,19,7,1,9,1,perdido,0,colapso
476,158,9.0,mejorada,1,4,6705341796357657446,4,4,18,14,12,8,0,9,1,perdido,0,victimas
644,214,9.0,mejorada,1,4,6598466114264925483,3,3,26,19,19,7,1,9,1,perdido,0,colapso
436,145,9.0,mejorada,1,3,2462415865482533468,3,3,26,13,18,7,0,9,1,perdido,0,colapso
805,268,9.0,mejorada,1,3,1065207823745613756,5,4,12,14,11,6,1,9,1,perdido,0,victimas
157,52,9.0,mejorada,1,3,7258096298572574743,5,1,24,8,16,7,2,9,1,perdido,0,colapso
151,50,9.0,mejorada,1,3,1843827724646817314,7,2,7,7,7,8,3,9,1,ganado,1,victoria
225,75,9.0,mejorada,1,2,2595308321297047389,2,4,6,7,6,8,2,9,1,perdido,0,victimas
616,205,9.0,mejorada,1,3,2118203005186523722,3,2,24,12,17,7,2,9,1,perdido,0,colapso
484,161,9.0,mejorada,1,3,8448718037869960638,2,4,15,7,15,7,1,9,1,perdido,0,victimas
227,75,9.0,mejorada,1,4,2595308321297047389,3,4,21,17,15,8,0,9,1,perdido,0,victimas
142,47,9.0,mejorada,1,3,2659357371229571338,1,4,11,16,9,7,1,9,1,perdido,0,victimas
143,47,9.0,mejorada,1,4,2659357371229571338,0,2,26,9,16,8,2,9,1,perdido,0,colapso
422,140,9.0,mejorada,1,4,4488630840155108969,7,1,9,14,7,7,4,9,1,ganado,1,victoria
817,272,9.0,mejorada,1,3,492361424666756014,3,4,21,9,15,7,1,9,1,perdido,0,victimas
762,254,9.0,mejorada,1,2,2182825021047865272,4,4,9,5,8,7,2,9,1,perdido,0,victimas
819,273,9.0,mejorada,1,2,5452339343277554439,2,2,25,13,18,6,0,9,1,perdido,0,colapso
760,253,9.0,mejorada,1,3,2285916494551865702,2,1,25,14,18,8,0,9,1,perdido,0,colapso
235,78,9.0,mejorada,1,3,5137714777533577109,2,3,26,16,18,7,1,9,1,perdido,0,colapso
238,79,9.0,mejorada,1,3,7230184821612632325,0,2,24,10,16,8,2,9,1,perdido,0,colapso
239,79,9.0,mejorada,1,4,7230184821612632325,0,3,24,19,18,8,0,9,1,perdido,0,colapso
611,203,9.0,mejorada,1,4,1327220201204445598,2,4,24,18,14,8,2,9,1,perdido,0,victimas
249,83,9.0,mejorada,1,2,1540053360388708572,7,1,5,5,5,6,2,9,1,ganado,1,victoria
416,138,9.0,mejorada,1,4,7219458207281458726,2,4,13,14,12,7,2,9,1,perdido,0,victimas
610,203,9.0,mejorada,1,3,1327220201204445598,4,4,6,10,4,6,3,9,1,perdido,0,victimas
824,274,9.0,mejorada,1,4,6278483331563398250,0,3,25,10,20,7,2,9,1,perdido,0,colapso
652,217,9.0,mejorada,1,3,1141427372043005697,0,0,26,12,18,7,2,9,1,perdido,0,colapso
757,252,9.0,mejorada,1,3,4186459809758113773,4,3,24,8,17,8,0,9,1,perdido,0,colapso
124,41,9.0,mejorada,1,3,7680100789218536959,2,4,16,13,12,8,3,9,1,perdido,0,victimas
826,275,9.0,mejorada,1,3,3630600148398900764,5,4,22,11,16,6,1,9,1,perdido,0,victimas
127,42,9.0,mejorada,1,3,6458805560192802266,4,3,25,13,18,8,0,9,1,perdido,0,colapso
500,166,9.0,mejorada,1,4,7653459513276407468,0,3,25,10,17,6,2,9,1,perdido,0,colapso
117,39,9.0,mejorada,1,2,6177943668448659538,3,4,9,6,8,7,2,9,1,perdido,0,victimas
262,87,9.0,mejorada,1,3,4260065529960581386,3,2,25,15,20,8,0,9,1,perdido,0,colapso
112,37,9.0,mejorada,1,3,4387603514346341532,0,2,25,15,17,7,0,9,1,perdido,0,colapso
269,89,9.0,mejorada,1,4,4621322367900553788,0,2,26,22,19,7,1,9,1,perdido,0,colapso
745,248,9.0,mejorada,1,3,3451238642599062930,7,0,10,1,8,8,3,9,1,ganado,1,victoria
275,91,9.0,mejorada,1,4,6422421876184220429,2,4,23,11,15,7,0,9,1,perdido,0,victimas
665,221,9.0,mejorada,1,4,4506392421548718624,3,1,25,12,17,7,0,9,1,perdido,0,colapso
97,32,9.0,mejorada,1,3,3005208497149623952,1,4,12,9,9,8,3,9,1,perdido,0,victimas
98,32,9.0,mejorada,1,4,3005208497149623952,0,4,23,22,16,8,0,9,1,perdido,0,victimas
102,34,9.0,mejorada,1,2,4330887939463945487,4,4,17,10,16,8,2,9,1,perdido,0,victimas
398,132,9.0,mejorada,1,4,5359343067615589510,4,3,25,17,18,7,0,9,1,perdido,0,colapso
282,94,9.0,mejorada,1,2,2780958171820188827,1,3,25,9,20,7,1,9,1,perdido,0,colapso
289,96,9.0,mejorada,1,3,3337132314759568599,4,4,18,11,11,8,2,9,1,perdido,0,victimas
287,95,9.0,mejorada,1,4,5813330844689072343,2,4,16,10,12,7,3,9,1,perdido,0,victimas
89,29,9.0,mejorada,1,4,6300014615139381524,3,1,24,17,16,8,1,9,1,perdido,0,colapso
86,28,9.0,mejorada,1,4,1423069386716347727,1,4,7,7,7,7,3,9,1,perdido,0,victimas
671,223,9.0,mejorada,1,4,8814068826815106401,4,4,10,12,7,7,1,9,1,perdido,0,victimas
595,198,9.0,mejorada,1,3,1811790002820711025,4,4,16,13,15,7,0,9,1,perdido,0,victimas
735,245,9.0,mejorada,1,2,8003479201547280640,2,4,10,7,8,7,2,9,1,perdido,0,victimas
292,97,9.0,mejorada,1,3,808427814852703457,2,4,17,14,11,7,0,9,1,perdido,0,victimas
856,285,9.0,mejorada,1,3,3839343217224162852,0,4,10,14,10,7,2,9,1,perdido,0,victimas
302,100,9.0,mejorada,1,4,8380177735898741051,3,2,24,30,16,8,0,9,1,perdido,0,colapso
589,196,9.0,mejorada,1,3,5528330478685303892,1,5,17,14,15,6,1,9,1,perdido,0,victimas
64,21,9.0,mejorada,1,3,3269924900787895439,0,4,13,17,10,7,0,9,1,perdido,0,victimas
67,22,9.0,mejorada,1,3,8953109014434126403,4,3,25,17,16,8,0,9,1,perdido,0,colapso
721,240,9.0,mejorada,1,3,7650128693076619938,0,3,25,14,18,7,0,9,1,perdido,0,colapso
866,288,9.0,mejorada,1,4,4830768301422489395,5,4,21,10,14,7,4,9,1,perdido,0,victimas
314,104,9.0,mejorada,1,4,7182709311313489600,0,2,25,11,19,8,1,9,1,perdido,0,colapso
58,19,9.0,mejorada,1,3,5826075755539127445,1,1,25,18,21,6,2,9,1,perdido,0,colapso
52,17,9.0,mejorada,1,3,588610295420051415,2,4,19,11,14,8,3,9,1,perdido,0,victimas
54,18,9.0,mejorada,1,2,7633550208585727286,2,1,24,13,18,7,2,9,1,perdido,0,colapso
542,180,9.0,mejorada,1,4,8216110551009199403,5,4,23,11,16,7,4,9,1,perdido,0,victimas
46,15,9.0,mejorada,1,3,2095907272200333468,3,3,25,11,17,7,0,9,1,perdido,0,colapso
43,14,9.0,mejorada,1,3,4089774122208370449,2,4,10,11,8,7,2,9,1,perdido,0,victimas
329,109,9.0,mejorada,1,4,8325037704680575679,1,2,24,24,18,7,0,9,1,perdido,0,colapso
879,293,9.0,mejorada,1,2,914157378532652776,1,4,10,9,8,7,2,9,1,perdido,0,victimas
38,12,9.0,mejorada,1,4,5938607544058144514,1,4,13,8,10,6,4,9,1,perdido,0,victimas
340,113,9.0,mejorada,1,3,5342357575377760769,2,3,24,21,16,7,0,9,1,perdido,0,colapso
884,294,9.0,mejorada,1,4,7780605619557833769,1,1,24,14,16,8,0,9,1,perdido,0,colapso
705,235,9.0,mejorada,1,2,7418919976603579272,2,4,17,10,13,7,2,9,1,perdido,0,victimas
574,191,9.0,mejorada,1,3,2222561263212250043,1,4,18,14,13,7,1,9,1,perdido,0,victimas
350,116,9.0,mejorada,1,4,6996107820890309404,1,1,24,12,17,6,0,9,1,perdido,0,colapso
557,185,9.0,mejorada,1,4,6102747992571537333,0,3,25,11,15,7,1,9,1,perdido,0,colapso
889,296,9.0,mejorada,1,3,9034944823445181103,2,2,25,8,19,7,2,9,1,perdido,0,colapso
19,6,9.0,mejorada,1,3,7020274643477799479,1,4,19,18,16,7,2,9,1,perdido,0,victimas
20,6,9.0,mejorada,1,4,7020274643477799479,0,4,24,14,17,8,0,9,1,perdido,0,victimas
15,5,9.0,mejorada,1,2,8998527916616952261,3,3,26,14,17,7,2,9,1,perdido,0,colapso
568,189,9.0,mejorada,1,3,2420770983341428564,0,4,8,12,6,7,3,9,1,perdido,0,victimas
895,298,9.0,mejorada,1,3,7189411352906604064,3,2,24,11,17,7,0,9,1,perdido,0,colapso
899,299,9.0,mejorada,1,4,5925862281964184321,3,2,25,13,18,8,2,9,1,perdido,0,colapso
694,231,10.0,mejorada,1,3,3865647293027420680,7,3,17,10,12,7,3,10,1,ganado,1,victoria
354,118,10.0,mejorada,1,2,3985354860381270788,1,3,24,28,18,8,0,10,1,perdido,0,colapso
2,0,10.0,mejorada,1,4,7138484576005690179,3,4,20,18,13,7,1,10,1,perdido,0,victimas
606,202,10.0,mejorada,1,2,4618522254520175249,2,4,1,9,1,8,2,10,1,perdido,0,victimas
499,166,10.0,mejorada,1,3,7653459513276407468,2,3,24,14,18,8,2,10,1,perdido,0,colapso
888,296,10.0,mejorada,1,2,9034944823445181103,1,4,23,8,21,8,2,10,1,perdido,0,victimas
349,116,10.0,mejorada,1,3,6996107820890309404,5,2,25,13,17,7,0,10,1,perdido,0,colapso
455,151,10.0,mejorada,1,4,8265624203513098004,1,3,26,12,18,8,2,10,1,perdido,0,colapso
448,149,10.0,mejorada,1,3,199336253226511759,6,2,25,10,22,7,3,10,1,perdido,0,colapso
130,43,10.0,mejorada,1,3,2881073745369361439,7,1,11,5,11,7,3,10,1,ganado,1,victoria
496,165,10.0,mejorada,1,3,3421154220823127656,7,2,12,1,8,7,3,10,1,ganado,1,victoria
628,209,10.0,mejorada,1,3,4670069332732337558,3,3,27,12,19,7,1,10,1,perdido,0,colapso
795,265,10.0,mejorada,1,2,1526760662688963121,3,0,25,12,19,6,0,10,1,perdido,0,colapso
450,150,10.0,mejorada,1,2,7621197827893166670,7,2,12,4,11,7,2,10,1,ganado,1,victoria
189,63,10.0,mejorada,1,2,7055869069716825080,2,4,12,12,11,7,2,10,1,perdido,0,victimas
368,122,10.0,mejorada,1,4,778861390272838078,5,3,25,13,16,7,1,10,1,perdido,0,colapso
339,113,10.0,mejorada,1,2,5342357575377760769,3,4,13,12,10,7,2,10,1,perdido,0,victimas
789,263,10.0,mejorada,1,2,1326984363454281926,1,3,24,10,20,7,0,10,1,perdido,0,colapso
336,112,10.0,mejorada,1,2,2821951771681615127,2,2,25,11,19,8,2,10,1,perdido,0,colapso
122,40,10.0,mejorada,1,4,4032014784384463676,4,4,18,13,14,8,3,10,1,perdido,0,victimas
447,149,10.0,mejorada,1,2,199336253226511759,1,4,20,5,16,8,2,10,1,perdido,0,victimas
710,236,10.0,mejorada,1,4,4310834394325476573,3,2,27,12,17,6,0,10,1,perdido,0,colapso
686,228,10.0,mejorada,1,4,5847388317141204593,3,4,23,17,18,7,1,10,1,perdido,0,victimas
797,265,10.0,mejorada,1,4,1526760662688963121,3,3,26,11,19,8,1,10,1,perdido,0,colapso
464,154,10.0,mejorada,1,4,1001434454669433306,2,4,22,8,14,6,1,10,1,perdido,0,victimas
196,65,10.0,mejorada,1,3,5105868764207785778,4,4,25,7,17,7,2,10,1,perdido,0,victimas
201,67,10.0,mejorada,1,2,2803444835069964884,4,4,16,13,11,7,2,10,1,perdido,0,victimas
206,68,10.0,mejorada,1,4,284244353590349238,1,4,11,11,6,7,0,10,1,perdido,0,victimas
467,155,10.0,mejorada,1,4,6200320476196052908,2,3,25,13,17,7,1,10,1,perdido,0,colapso
575,191,10.0,mejorada,1,4,2222561263212250043,0,2,25,16,15,7,0,10,1,perdido,0,colapso
851,283,10.0,mejorada,1,4,2300194393269822563,5,4,21,10,16,7,1,10,1,perdido,0,victimas
83,27,10.0,mejorada,1,4,404018428470862364,2,3,24,16,17,6,1,10,1,perdido,0,colapso
682,227,10.0,mejorada,1,3,5120798098513749764,4,3,25,20,19,8,2,10,1,perdido,0,colapso
318,106,10.0,mejorada,1,2,4144628313312078530,5,4,22,6,16,6,2,10,1,perdido,0,victimas
830,276,10.0,mejorada,1,4,2932950191596309256,2,4,18,18,13,8,1,10,1,perdido,0,victimas
778,259,10.0,mejorada,1,3,5482682832056391811,3,3,25,9,18,7,3,10,1,perdido,0,colapso
818,272,10.0,mejorada,1,4,492361424666756014,1,4,24,11,16,8,0,10,1,perdido,0,victimas
168,56,10.0,mejorada,1,2,4232750931371847818,3,1,24,16,16,8,0,10,1,perdido,0,colapso
799,266,10.0,mejorada,1,3,2626079245766705074,1,0,24,27,17,8,0,10,1,perdido,0,colapso
776,258,10.0,mejorada,1,4,613897100045407464,1,0,25,19,19,8,0,10,1,perdido,0,colapso
214,71,10.0,mejorada,1,3,3768011668784017290,1,3,24,15,17,7,0,10,1,perdido,0,colapso
491,163,10.0,mejorada,1,4,345069924462636029,4,4,18,10,12,8,3,10,1,perdido,0,victimas
490,163,10.0,mejorada,1,3,345069924462636029,5,3,24,14,19,8,0,10,1,perdido,0,colapso
488,162,10.0,mejorada,1,4,2123349286112584630,4,4,22,15,15,7,0,10,1,perdido,0,victimas
614,204,10.0,mejorada,1,4,128539566345389180,6,2,24,25,16,7,1,10,1,perdido,0,colapso
434,144,10.0,mejorada,1,4,4367168901455824375,3,4,9,11,8,7,4,10,1,perdido,0,victimas
218,72,10.0,mejorada,1,4,7871254042147531455,2,1,26,14,20,5,0,10,1,perdido,0,colapso
524,174,10.0,mejorada,1,4,1518239141733678646,1,4,20,16,13,7,1,10,1,perdido,0,victimas
523,174,10.0,mejorada,1,3,1518239141733678646,5,2,24,12,17,7,2,10,1,perdido,0,colapso
724,241,10.0,mejorada,1,3,7349340450946339022,3,4,11,7,8,7,1,10,1,perdido,0,victimas
578,192,10.0,mejorada,1,4,1132242081106209098,3,2,25,17,16,7,2,10,1,perdido,0,colapso
547,182,10.0,mejorada,1,3,4785623692276692567,3,2,25,15,21,8,0,10,1,perdido,0,colapso
118,39,10.0,mejorada,1,3,6177943668448659538,1,2,27,9,20,7,2,10,1,perdido,0,colapso
307,102,10.0,mejorada,1,3,2452217567965390843,7,3,20,15,13,7,2,10,1,ganado,1,victoria
592,197,10.0,mejorada,1,3,8066411071954915232,2,3,25,25,18,7,0,10,1,perdido,0,colapso
472,157,10.0,mejorada,1,3,6082100289286389018,4,4,24,13,20,7,0,10,1,perdido,0,victimas
770,256,10.0,mejorada,1,4,7531517498733178494,3,4,12,12,11,6,2,10,1,perdido,0,victimas
526,175,10.0,mejorada,1,3,414227351061035947,5,4,12,7,8,7,2,10,1,perdido,0,victimas
875,291,10.0,mejorada,1,4,479263626137024775,1,2,24,8,18,7,4,10,1,perdido,0,colapso
874,291,10.0,mejorada,1,3,479263626137024775,2,4,24,14,17,8,1,10,1,perdido,0,victimas
877,292,10.0,mejorada,1,3,8530160633213701926,5,1,24,12,15,7,2,10,1,perdido,0,colapso
487,162,10.0,mejorada,1,3,2123349286112584630,2,2,24,11,19,7,1,10,1,perdido,0,colapso
386,128,10.0,mejorada,1,4,953724041019979856,2,4,15,26,10,7,2,10,1,perdido,0,victimas
299,99,10.0,mejorada,1,4,8871940021521908407,2,1,25,17,16,7,1,10,1,perdido,0,colapso
44,14,10.0,mejorada,1,4,4089774122208370449,1,3,25,10,19,7,2,10,1,perdido,0,colapso
47,15,10.0,mejorada,1,4,2095907272200333468,2,4,15,8,11,8,4,10,1,perdido,0,victimas
432,144,10.0,mejorada,1,2,4367168901455824375,4,4,10,12,9,7,2,10,1,perdido,0,victimas
222,74,10.0,mejorada,1,2,537747877366898908,1,4,19,13,14,7,1,10,1,perdido,0,victimas
296,98,10.0,mejorada,1,4,1088412337802183605,4,3,25,22,17,7,2,10,1,perdido,0,colapso
581,193,10.0,mejorada,1,4,7665661379552511350,2,4,16,6,14,8,3,10,1,perdido,0,victimas
541,180,10.0,mejorada,1,3,8216110551009199403,1,4,9,10,7,7,3,10,1,perdido,0,victimas
298,99,10.0,mejorada,1,3,8871940021521908407,4,3,24,19,15,6,0,10,1,perdido,0,colapso
104,34,10.0,mejorada,1,4,4330887939463945487,1,1,25,17,17,7,1,10,1,perdido,0,colapso
765,255,10.0,mejorada,1,2,6880767251491745953,0,4,15,18,13,8,2,10,1,perdido,0,victimas
74,24,10.0,mejorada,1,4,7179320580859366615,1,4,12,9,8,7,4,10,1,perdido,0,victimas
733,244,10.0,mejorada,1,3,5589509374536079274,2,4,26,12,21,8,1,10,1,perdido,0,victimas
732,244,10.0,mejorada,1,2,5589509374536079274,1,2,26,17,20,8,1,10,1,perdido,0,colapso
674,224,10.0,mejorada,1,4,2642000119086505860,3,3,24,17,16,8,1,10,1,perdido,0,colapso
107,35,10.0,mejorada,1,4,1747564835162871655,3,1,26,10,18,6,1,10,1,perdido,0,colapso
420,140,10.0,mejorada,1,2,4488630840155108969,3,3,26,11,17,8,0,10,1,perdido,0,colapso
650,216,10.0,mejorada,1,4,1208794400926784263,3,4,15,19,10,8,1,10,1,perdido,0,victimas
242,80,10.0,mejorada,1,4,6127210931559624285,3,2,25,13,16,8,1,10,1,perdido,0,colapso
396,132,10.0,mejorada,1,2,5359343067615589510,4,4,21,14,19,6,0,10,1,perdido,0,victimas
233,77,10.0,mejorada,1,4,6105102272664416621,1,0,24,21,17,8,2,10,1,perdido,0,colapso
868,289,10.0,mejorada,1,3,937757786175947955,7,2,7,5,7,7,3,10,1,ganado,1,victoria
401,133,10.0,mejorada,1,4,3199309255575899088,4,3,24,21,19,6,0,10,1,perdido,0,colapso
400,133,10.0,mejorada,1,3,3199309255575899088,2,4,17,8,13,6,0,10,1,perdido,0,victimas
737,245,10.0,mejorada,1,4,8003479201547280640,4,1,24,12,18,7,1,10,1,perdido,0,colapso
812,270,10.0,mejorada,1,4,510932467855766150,4,3,24,9,15,8,4,10,1,perdido,0,colapso
71,23,10.0,mejorada,1,4,8237588375927540125,2,4,18,16,13,7,2,10,1,perdido,0,victimas
414,138,10.0,mejorada,1,2,7219458207281458726,4,2,24,17,14,7,1,10,1,perdido,0,colapso
655,218,10.0,mejorada,1,3,8555254495387104291,2,1,25,9,14,7,2,10,1,perdido,0,colapso
654,218,10.0,mejorada,1,2,8555254495387104291,2,1,25,9,14,7,1,10,1,perdido,0,colapso
251,83,10.0,mejorada,1,4,1540053360388708572,2,2,24,15,16,6,0,10,1,perdido,0,colapso
756,252,10.0,mejorada,1,2,4186459809758113773,3,2,24,12,17,7,1,10,1,perdido,0,colapso
412,137,10.0,mejorada,1,3,4448464033578097061,4,3,25,21,18,8,1,10,1,perdido,0,colapso
620,206,10.0,mejorada,1,4,1215845357368378696,2,4,26,18,17,8,1,10,1,perdido,0,victimas
743,247,10.0,mejorada,1,4,3805301075240156879,2,3,26,15,18,7,0,10,1,perdido,0,colapso
276,92,10.0,mejorada,1,2,4115065316196789028,2,2,25,17,19,7,0,10,1,perdido,0,colapso
869,289,10.0,mejorada,1,4,937757786175947955,2,4,13,13,9,7,0,10,1,perdido,0,victimas
407,135,10.0,mejorada,1,4,210328586387355560,0,4,13,13,9,8,1,10,1,perdido,0,victimas
532,177,10.0,mejorada,1,3,9153049027570592946,4,4,17,15,13,6,2,10,1,perdido,0,victimas
531,177,10.0,mejorada,1,2,9153049027570592946,1,3,25,17,17,7,2,10,1,perdido,0,colapso
587,195,10.0,mejorada,1,4,1653458300556355730,2,2,26,8,15,8,3,10,1,perdido,0,colapso
410,136,10.0,mejorada,1,4,8841148243080661991,5,3,25,23,20,7,1,10,1,perdido,0,colapso
752,250,10.0,mejorada,1,4,6013002391292390018,2,4,18,9,12,7,2,10,1,perdido,0,victimas
265,88,10.0,mejorada,1,3,1487469617072345797,7,2,19,11,13,8,2,10,1,ganado,1,victoria
481,160,10.0,mejorada,1,3,993734828153898530,5,2,24,14,18,8,3,10,1,perdido,0,colapso
352,117,10.0,mejorada,1,3,6635874509470750345,0,4,16,8,15,8,3,10,1,perdido,0,victimas
356,118,10.0,mejorada,1,4,3985354860381270788,3,4,24,21,17,6,0,10,1,perdido,0,victimas
184,61,10.0,mejorada,1,3,4345095574408942379,7,1,15,7,10,7,3,10,1,ganado,1,victoria
183,61,10.0,mejorada,1,2,4345095574408942379,1,2,26,13,18,6,0,10,1,perdido,0,colapso
565,188,11.0,mejorada,1,3,6887918418730252866,7,2,11,14,10,7,3,11,1,ganado,1,victoria
3,1,11.0,mejorada,1,2,4047939128787533792,4,1,24,10,15,5,0,11,1,perdido,0,colapso
9,3,11.0,mejorada,1,2,6432084778622665797,2,4,12,12,10,8,2,11,1,perdido,0,victimas
353,117,11.0,mejorada,1,4,6635874509470750345,5,2,24,13,17,7,0,11,1,perdido,0,colapso
695,231,11.0,mejorada,1,4,3865647293027420680,4,4,24,19,17,8,1,11,1,perdido,0,victimas
63,21,11.0,mejorada,1,2,3269924900787895439,7,1,9,8,7,7,1,11,1,ganado,1,victoria
511,170,11.0,mejorada,1,3,2683243453323814181,3,1,24,15,16,7,2,11,1,perdido,0,colapso
110,36,11.0,mejorada,1,4,1198314379297268474,1,3,25,8,18,8,0,11,1,perdido,0,colapso
109,36,11.0,mejorada,1,3,1198314379297268474,2,4,18,6,12,8,1,11,1,perdido,0,victimas
838,279,11.0,mejorada,1,3,7850303646514649234,0,2,26,8,17,7,3,11,1,perdido,0,colapso
480,160,11.0,mejorada,1,2,993734828153898530,1,4,16,24,13,8,1,11,1,perdido,0,victimas
59,19,11.0,mejorada,1,4,5826075755539127445,0,4,23,11,19,7,0,11,1,perdido,0,victimas
270,90,11.0,mejorada,1,2,1404831189039190376,1,4,8,12,7,8,2,11,1,perdido,0,victimas
602,200,11.0,mejorada,1,4,7170294046349287546,4,4,21,9,15,7,4,11,1,perdido,0,victimas
808,269,11.0,mejorada,1,3,195056022512469942,3,5,20,16,16,7,3,11,1,perdido,0,victimas
807,269,11.0,mejorada,1,2,195056022512469942,3,4,12,2,11,7,2,11,1,perdido,0,victimas
751,250,11.0,mejorada,1,3,6013002391292390018,2,3,26,10,23,7,1,11,1,perdido,0,colapso
66,22,11.0,mejorada,1,2,8953109014434126403,7,0,4,0,4,8,2,11,1,ganado,1,victoria
113,37,11.0,mejorada,1,4,4387603514346341532,2,1,26,10,18,7,1,11,1,perdido,0,colapso
618,206,11.0,mejorada,1,2,1215845357368378696,4,5,13,10,11,7,2,11,1,perdido,0,victimas
754,251,11.0,mejorada,1,3,8001188835137877718,3,1,26,10,17,8,3,11,1,perdido,0,colapso
478,159,11.0,mejorada,1,3,7089521783151875089,2,4,12,9,9,7,1,11,1,perdido,0,victimas
617,205,11.0,mejorada,1,4,2118203005186523722,1,2,25,20,18,6,1,11,1,perdido,0,colapso
55,18,11.0,mejorada,1,3,7633550208585727286,7,2,12,12,8,7,1,11,1,ganado,1,victoria
403,134,11.0,mejorada,1,3,5450233420273996561,1,2,26,9,18,7,1,11,1,perdido,0,colapso
739,246,11.0,mejorada,1,3,5562681690224976758,3,0,25,10,17,7,2,11,1,perdido,0,colapso
146,48,11.0,mejorada,1,4,6294909946641896535,2,1,25,15,20,8,2,11,1,perdido,0,colapso
149,49,11.0,mejorada,1,4,1288989149403113816,4,4,21,11,17,7,0,11,1,perdido,0,victimas
861,287,11.0,mejorada,1,2,3445982197241601284,5,4,20,14,14,8,0,11,1,perdido,0,victimas
759,253,11.0,mejorada,1,2,2285916494551865702,3,2,25,13,20,7,0,11,1,perdido,0,colapso
248,82,11.0,mejorada,1,4,7508012853358472210,7,2,22,8,17,7,4,11,1,ganado,1,victoria
56,18,11.0,mejorada,1,4,7633550208585727286,7,1,19,10,13,7,3,11,1,ganado,1,victoria
241,80,11.0,mejorada,1,3,6127210931559624285,3,4,11,10,10,6,1,11,1,perdido,0,victimas
397,132,11.0,mejorada,1,3,5359343067615589510,5,1,26,13,21,7,1,11,1,perdido,0,colapso
736,245,11.0,mejorada,1,3,8003479201547280640,7,2,4,5,4,8,3,11,1,ganado,1,victoria
392,130,11.0,mejorada,1,4,1573442415687162831,3,2,24,12,18,7,0,11,1,perdido,0,colapso
232,77,11.0,mejorada,1,3,6105102272664416621,5,1,25,13,18,8,0,11,1,perdido,0,colapso
839,279,11.0,mejorada,1,4,7850303646514649234,2,4,22,11,16,8,0,11,1,perdido,0,victimas
293,97,11.0,mejorada,1,4,808427814852703457,1,1,26,7,17,7,3,11,1,perdido,0,colapso
673,224,11.0,mejorada,1,3,2642000119086505860,3,4,18,15,13,8,0,11,1,perdido,0,victimas
51,17,11.0,mejorada,1,2,588610295420051415,3,1,26,15,20,8,1,11,1,perdido,0,colapso
388,129,11.0,mejorada,1,3,5420064514633398218,4,4,21,15,17,7,3,11,1,perdido,0,victimas
509,169,11.0,mejorada,1,4,8788945634422117436,3,4,22,10,18,7,0,11,1,perdido,0,victimas
649,216,11.0,mejorada,1,3,1208794400926784263,8,1,14,12,12,8,1,11,1,ganado,1,victoria
231,77,11.0,mejorada,1,2,6105102272664416621,7,0,4,5,4,8,2,11,1,ganado,1,victoria
229,76,11.0,mejorada,1,3,2707924455580344322,5,4,21,18,17,8,0,11,1,perdido,0,victimas
431,143,11.0,mejorada,1,4,5273260530970936524,3,4,19,12,14,7,2,11,1,perdido,0,victimas
430,143,11.0,mejorada,1,3,5273260530970936524,4,3,24,17,17,7,0,11,1,perdido,0,colapso
646,215,11.0,mejorada,1,3,6815924397397588665,2,3,24,10,17,6,0,11,1,perdido,0,colapso
221,73,11.0,mejorada,1,4,2157710912246567342,2,3,25,26,18,7,0,11,1,perdido,0,colapso
728,242,11.0,mejorada,1,4,2145732114086352626,2,3,27,12,18,6,0,11,1,perdido,0,colapso
832,277,11.0,mejorada,1,3,4653433186410401850,3,3,24,8,17,7,2,11,1,perdido,0,colapso
220,73,11.0,mejorada,1,3,2157710912246567342,7,0,10,4,8,8,3,11,1,ganado,1,victoria
676,225,11.0,mejorada,1,3,8529852206364137934,1,2,25,11,17,7,0,11,1,perdido,0,colapso
383,127,11.0,mejorada,1,4,1333000362236215915,0,1,24,11,17,6,0,11,1,perdido,0,colapso
471,157,11.0,mejorada,1,2,6082100289286389018,3,4,10,8,10,7,2,11,1,perdido,0,victimas
623,207,11.0,mejorada,1,4,6250298060732927806,2,3,24,12,16,8,0,11,1,perdido,0,colapso
306,102,11.0,mejorada,1,2,2452217567965390843,2,4,0,13,0,6,2,11,1,perdido,0,victimas
304,101,11.0,mejorada,1,3,6453659211977871293,4,2,25,12,15,7,1,11,1,perdido,0,colapso
613,204,11.0,mejorada,1,3,128539566345389180,6,2,24,13,16,7,2,11,1,perdido,0,colapso
433,144,11.0,mejorada,1,3,4367168901455824375,3,3,24,12,20,7,1,11,1,perdido,0,colapso
519,173,11.0,mejorada,1,2,8633478089267323312,5,4,11,13,8,6,2,11,1,perdido,0,victimas
212,70,11.0,mejorada,1,4,1979194270821277478,7,1,20,8,14,8,4,11,1,ganado,1,victoria
141,47,11.0,mejorada,1,2,2659357371229571338,4,4,15,9,11,7,1,11,1,perdido,0,victimas
800,266,11.0,mejorada,1,4,2626079245766705074,0,4,21,12,15,6,3,11,1,perdido,0,victimas
719,239,11.0,mejorada,1,4,1006675687759647796,2,3,25,16,18,7,0,11,1,perdido,0,colapso
85,28,11.0,mejorada,1,3,1423069386716347727,7,1,2,5,2,8,3,11,1,ganado,1,victoria
211,70,11.0,mejorada,1,3,1979194270821277478,3,4,23,13,20,8,3,11,1,perdido,0,victimas
777,259,11.0,mejorada,1,2,5482682832056391811,2,4,13,10,10,7,2,11,1,perdido,0,victimas
829,276,11.0,mejorada,1,3,2932950191596309256,5,5,20,18,15,8,2,11,1,perdido,0,victimas
119,39,11.0,mejorada,1,4,6177943668448659538,2,1,24,15,15,7,1,11,1,perdido,0,colapso
316,105,11.0,mejorada,1,3,6612144924184611097,7,1,8,6,8,8,3,11,1,ganado,1,victoria
208,69,11.0,mejorada,1,3,4028006955853994645,1,3,25,10,17,7,0,11,1,perdido,0,colapso
550,183,11.0,mejorada,1,3,2913931182286180210,6,1,26,15,18,7,0,11,1,perdido,0,colapso
376,125,11.0,mejorada,1,3,4556261108682878519,3,0,24,10,16,7,2,11,1,perdido,0,colapso
205,68,11.0,mejorada,1,3,284244353590349238,1,3,24,19,16,7,1,11,1,perdido,0,colapso
322,107,11.0,mejorada,1,3,2510985208792310179,4,2,25,14,18,7,0,11,1,perdido,0,colapso
556,185,11.0,mejorada,1,3,6102747992571537333,7,3,12,18,9,8,1,11,1,ganado,1,victoria
555,185,11.0,mejorada,1,2,6102747992571537333,3,4,9,11,7,8,2,11,1,perdido,0,victimas
374,124,11.0,mejorada,1,4,383823007534592520,1,1,26,10,19,7,1,11,1,perdido,0,colapso
88,29,11.0,mejorada,1,3,6300014615139381524,3,1,26,7,19,8,1,11,1,perdido,0,colapso
87,29,11.0,mejorada,1,2,6300014615139381524,2,2,25,16,22,8,1,11,1,perdido,0,colapso
849,283,11.0,mejorada,1,2,2300194393269822563,4,4,3,7,3,7,2,11,1,perdido,0,victimas
327,109,11.0,mejorada,1,2,8325037704680575679,3,5,2,8,2,6,2,11,1,perdido,0,victimas
493,164,11.0,mejorada,1,3,5117610750765228231,5,2,26,14,18,8,2,11,1,perdido,0,colapso
784,261,11.0,mejorada,1,3,7606184634050499706,0,4,22,16,14,6,0,11,1,perdido,0,victimas
442,147,11.0,mejorada,1,3,4802355277317977330,7,3,22,15,16,8,3,11,1,ganado,1,victoria
203,67,11.0,mejorada,1,4,2803444835069964884,1,2,24,9,16,7,3,11,1,perdido,0,colapso
371,123,11.0,mejorada,1,4,3835146365897628933,1,4,21,17,14,6,0,11,1,perdido,0,victimas
887,295,11.0,mejorada,1,4,8325505766681033056,2,2,26,13,18,7,0,11,1,perdido,0,colapso
627,209,11.0,mejorada,1,2,4670069332732337558,2,1,24,13,15,8,0,11,1,perdido,0,colapso
26,8,11.0,mejorada,1,4,1181639697159514249,4,4,23,17,17,7,2,11,1,perdido,0,victimas
332,110,11.0,mejorada,1,4,4203794286712746030,0,2,24,12,17,8,0,11,1,perdido,0,colapso
708,236,11.0,mejorada,1,2,4310834394325476573,7,1,2,2,2,7,2,11,1,ganado,1,victoria
194,64,11.0,mejorada,1,4,5854243203972891490,5,3,24,8,15,8,2,11,1,perdido,0,colapso
786,262,11.0,mejorada,1,2,2862332153537753568,3,4,24,12,17,8,1,11,1,perdido,0,victimas
605,201,11.0,mejorada,1,4,8963516682807242371,1,3,26,23,20,7,0,11,1,perdido,0,colapso
134,44,11.0,mejorada,1,4,7676241779586807193,5,3,24,22,14,7,4,11,1,perdido,0,colapso
333,111,11.0,mejorada,1,2,1866472600136169721,4,3,25,7,17,7,2,11,1,perdido,0,colapso
95,31,11.0,mejorada,1,4,8923702211518539140,2,4,3,7,3,7,4,11,1,perdido,0,victimas
446,148,11.0,mejorada,1,4,4048243689632662950,1,4,22,15,20,8,1,11,1,perdido,0,victimas
90,30,11.0,mejorada,1,2,6869218442907837545,3,4,13,9,9,6,1,11,1,perdido,0,victimas
706,235,11.0,mejorada,1,3,7418919976603579272,3,4,17,7,15,7,1,11,1,perdido,0,victimas
367,122,11.0,mejorada,1,3,778861390272838078,5,4,21,11,14,7,2,11,1,perdido,0,victimas
704,234,11.0,mejorada,1,4,8605620291843545556,5,3,24,13,18,8,0,11,1,perdido,0,colapso
172,57,11.0,mejorada,1,3,5245711642959262883,6,1,24,8,17,8,2,11,1,perdido,0,colapso
703,234,11.0,mejorada,1,3,8605620291843545556,6,1,24,8,17,8,2,11,1,perdido,0,colapso
186,62,11.0,mejorada,1,2,5213382898739266301,2,2,24,17,16,7,1,11,1,perdido,0,colapso
449,149,11.0,mejorada,1,4,199336253226511759,3,3,26,10,18,7,0,11,1,perdido,0,colapso
634,211,11.0,mejorada,1,3,5359854683639935958,7,1,8,5,7,8,3,11,1,ganado,1,victoria
502,167,11.0,mejorada,1,3,7454804026184590417,2,4,19,17,16,8,1,11,1,perdido,0,victimas
22,7,11.0,mejorada,1,3,7250163532461132703,3,1,25,10,16,7,2,11,1,perdido,0,colapso
514,171,11.0,mejorada,1,3,4750563523138493357,1,3,26,13,16,8,0,11,1,perdido,0,colapso
598,199,11.0,mejorada,1,3,2862230687000802517,3,3,26,17,15,8,0,11,1,perdido,0,colapso
631,210,11.0,mejorada,1,3,6403440735147287998,6,1,24,18,21,7,0,11,1,perdido,0,colapso
18,6,11.0,mejorada,1,2,7020274643477799479,2,4,14,9,11,8,2,11,1,perdido,0,victimas
890,296,11.0,mejorada,1,4,9034944823445181103,4,4,24,19,19,8,4,11,1,perdido,0,victimas
355,118,11.0,mejorada,1,3,3985354860381270788,2,3,25,16,15,7,0,11,1,perdido,0,colapso
630,210,11.0,mejorada,1,2,6403440735147287998,1,3,25,11,17,7,0,11,1,perdido,0,colapso
180,60,11.0,mejorada,1,2,6164929187129147890,2,3,24,20,15,7,0,11,1,perdido,0,colapso
121,40,11.0,mejorada,1,3,4032014784384463676,6,1,24,11,14,7,3,11,1,perdido,0,colapso
125,41,11.0,mejorada,1,4,7680100789218536959,3,1,24,31,18,7,1,11,1,perdido,0,colapso
10,3,12.0,mejorada,1,3,6432084778622665797,5,2,26,9,16,8,3,12,1,perdido,0,colapso
844,281,12.0,mejorada,1,3,1674027355806194816,4,2,25,17,20,8,0,12,1,perdido,0,colapso
185,61,12.0,mejorada,1,4,4345095574408942379,3,3,25,9,18,7,2,12,1,perdido,0,colapso
791,263,12.0,mejorada,1,4,1326984363454281926,7,3,13,13,11,8,1,12,1,ganado,1,victoria
177,59,12.0,mejorada,1,2,1056353477630618950,4,3,24,14,17,7,0,12,1,perdido,0,colapso
175,58,12.0,mejorada,1,3,1289399723366875885,7,1,16,9,10,7,2,12,1,ganado,1,victoria
94,31,12.0,mejorada,1,3,8923702211518539140,2,4,20,10,18,7,1,12,1,perdido,0,victimas
785,261,12.0,mejorada,1,4,7606184634050499706,0,3,24,9,17,7,3,12,1,perdido,0,colapso
787,262,12.0,mejorada,1,3,2862332153537753568,4,2,26,16,21,8,0,12,1,perdido,0,colapso
91,30,12.0,mejorada,1,3,6869218442907837545,6,1,26,18,19,7,1,12,1,perdido,0,colapso
463,154,12.0,mejorada,1,3,1001434454669433306,2,3,25,9,18,7,2,12,1,perdido,0,colapso
848,282,12.0,mejorada,1,4,2183586024013075069,4,2,25,11,21,8,2,12,1,perdido,0,colapso
779,259,12.0,mejorada,1,4,5482682832056391811,4,3,24,18,16,7,0,12,1,perdido,0,colapso
82,27,12.0,mejorada,1,3,404018428470862364,6,4,23,20,18,6,0,12,1,perdido,0,victimas
622,207,12.0,mejorada,1,3,6250298060732927806,2,3,25,11,20,7,0,12,1,perdido,0,colapso
169,56,12.0,mejorada,1,3,4232750931371847818,7,1,8,5,8,8,3,12,1,ganado,1,victoria
774,258,12.0,mejorada,1,2,613897100045407464,3,2,24,12,19,7,1,12,1,perdido,0,colapso
518,172,12.0,mejorada,1,4,2360861258752227985,2,2,25,13,16,8,0,12,1,perdido,0,colapso
216,72,12.0,mejorada,1,2,7871254042147531455,3,5,24,11,19,7,1,12,1,perdido,0,victimas
522,174,12.0,mejorada,1,2,1518239141733678646,3,4,5,4,5,8,2,12,1,perdido,0,victimas
103,34,12.0,mejorada,1,3,4330887939463945487,4,3,24,9,21,8,0,12,1,perdido,0,colapso
842,280,12.0,mejorada,1,4,400986671269313044,3,3,25,10,16,7,0,12,1,perdido,0,colapso
162,54,12.0,mejorada,1,2,6504002634580250602,5,4,13,13,10,7,2,12,1,perdido,0,victimas
854,284,12.0,mejorada,1,4,5268691266622692472,4,4,16,13,14,7,3,12,1,perdido,0,victimas
647,215,12.0,mejorada,1,4,6815924397397588665,5,1,25,14,19,6,0,12,1,perdido,0,colapso
160,53,12.0,mejorada,1,3,6132166799369894492,6,4,6,12,5,8,1,12,1,perdido,0,victimas
226,75,12.0,mejorada,1,3,2595308321297047389,5,3,26,24,20,8,2,12,1,perdido,0,colapso
648,216,12.0,mejorada,1,2,1208794400926784263,4,4,7,10,7,8,1,12,1,perdido,0,victimas
230,76,12.0,mejorada,1,4,2707924455580344322,5,3,27,14,23,7,1,12,1,perdido,0,colapso
857,285,12.0,mejorada,1,4,3839343217224162852,2,4,23,13,17,7,4,12,1,perdido,0,victimas
161,53,12.0,mejorada,1,4,6132166799369894492,3,4,13,12,9,8,0,12,1,perdido,0,victimas
250,83,12.0,mejorada,1,3,1540053360388708572,3,3,26,16,17,7,1,12,1,perdido,0,colapso
413,137,12.0,mejorada,1,4,4448464033578097061,2,3,24,16,18,8,0,12,1,perdido,0,colapso
65,21,12.0,mejorada,1,4,3269924900787895439,5,3,24,15,17,8,2,12,1,perdido,0,colapso
155,51,12.0,mejorada,1,4,67904952949206819,3,2,26,12,17,7,0,12,1,perdido,0,colapso
753,251,12.0,mejorada,1,2,8001188835137877718,5,4,12,12,11,8,2,12,1,perdido,0,victimas
657,219,12.0,mejorada,1,2,3667011595388186359,3,1,25,19,20,8,1,12,1,perdido,0,colapso
264,88,12.0,mejorada,1,2,1487469617072345797,7,0,10,14,9,8,2,12,1,ganado,1,victoria
263,87,12.0,mejorada,1,4,4260065529960581386,3,3,24,13,17,8,0,12,1,perdido,0,colapso
865,288,12.0,mejorada,1,3,4830768301422489395,2,2,24,18,18,8,0,12,1,perdido,0,colapso
62,20,12.0,mejorada,1,4,6992125263385868793,3,3,24,18,18,7,1,12,1,perdido,0,colapso
108,36,12.0,mejorada,1,2,1198314379297268474,3,4,13,11,12,8,1,12,1,perdido,0,victimas
268,89,12.0,mejorada,1,3,4621322367900553788,4,4,23,18,16,7,1,12,1,perdido,0,victimas
746,248,12.0,mejorada,1,4,3451238642599062930,7,2,17,6,13,7,4,12,1,ganado,1,victoria
271,90,12.0,mejorada,1,3,1404831189039190376,4,3,26,14,19,6,1,12,1,perdido,0,colapso
274,91,12.0,mejorada,1,3,6422421876184220429,5,4,17,12,10,7,3,12,1,perdido,0,victimas
836,278,12.0,mejorada,1,4,8070496116316417892,5,4,24,22,19,8,1,12,1,perdido,0,victimas
584,194,12.0,mejorada,1,4,1413798279642752910,1,2,25,10,16,8,3,12,1,perdido,0,colapso
740,246,12.0,mejorada,1,4,5562681690224976758,2,2,25,13,20,6,0,12,1,perdido,0,colapso
404,134,12.0,mejorada,1,4,5450233420273996561,6,2,26,14,17,8,0,12,1,perdido,0,colapso
285,95,12.0,mejorada,1,2,5813330844689072343,3,4,2,3,2,8,2,12,1,perdido,0,victimas
535,178,12.0,mejorada,1,3,8224271163474684205,7,1,13,12,9,7,3,12,1,ganado,1,victoria
583,194,12.0,mejorada,1,3,1413798279642752910,2,2,24,10,19,8,1,12,1,perdido,0,colapso
399,133,12.0,mejorada,1,2,3199309255575899088,3,4,17,15,12,7,1,12,1,perdido,0,victimas
286,95,12.0,mejorada,1,3,5813330844689072343,5,3,24,17,20,7,0,12,1,perdido,0,colapso
669,223,12.0,mejorada,1,2,8814068826815106401,3,3,24,11,17,8,2,12,1,perdido,0,colapso
393,131,12.0,mejorada,1,2,8532727030568331756,3,3,26,11,20,7,0,12,1,perdido,0,colapso
391,130,12.0,mejorada,1,3,1573442415687162831,2,2,25,14,20,7,0,12,1,perdido,0,colapso
483,161,12.0,mejorada,1,2,8448718037869960638,3,2,26,8,19,7,0,12,1,perdido,0,colapso
672,224,12.0,mejorada,1,2,2642000119086505860,2,5,12,11,8,8,2,12,1,perdido,0,victimas
582,194,12.0,mejorada,1,2,1413798279642752910,7,1,12,9,10,7,2,12,1,ganado,1,victoria
537,179,12.0,mejorada,1,2,6904690273224461891,7,2,20,8,12,7,2,12,1,ganado,1,victoria
872,290,12.0,mejorada,1,4,7687298318890824016,2,3,24,12,14,8,0,12,1,perdido,0,colapso
295,98,12.0,mejorada,1,3,1088412337802183605,4,1,26,10,17,8,0,12,1,perdido,0,colapso
303,101,12.0,mejorada,1,2,6453659211977871293,2,1,24,21,17,7,1,12,1,perdido,0,colapso
382,127,12.0,mejorada,1,3,1333000362236215915,1,2,24,12,17,7,1,12,1,perdido,0,colapso
577,192,12.0,mejorada,1,3,1132242081106209098,4,3,24,12,20,7,0,12,1,perdido,0,colapso
34,11,12.0,mejorada,1,3,8547898282882222422,4,0,24,11,16,8,0,12,1,perdido,0,colapso
36,12,12.0,mejorada,1,2,5938607544058144514,4,4,20,9,13,7,2,12,1,perdido,0,victimas
139,46,12.0,mejorada,1,3,3573857246032727844,4,4,22,14,16,7,1,12,1,perdido,0,victimas
379,126,12.0,mejorada,1,3,3042432681873228590,4,1,25,7,18,8,3,12,1,perdido,0,colapso
311,103,12.0,mejorada,1,4,8939074297609209164,6,2,24,10,18,7,0,12,1,perdido,0,colapso
313,104,12.0,mejorada,1,3,7182709311313489600,5,1,25,11,18,8,1,12,1,perdido,0,colapso
120,40,12.0,mejorada,1,2,4032014784384463676,1,4,20,12,15,7,1,12,1,perdido,0,victimas
135,45,12.0,mejorada,1,2,7422641071193402884,3,2,25,9,15,8,1,12,1,perdido,0,colapso
713,237,12.0,mejorada,1,4,7238165253378328548,4,3,24,18,16,7,2,12,1,perdido,0,colapso
716,238,12.0,mejorada,1,4,164515294560768872,2,3,24,10,15,8,3,12,1,perdido,0,colapso
551,183,12.0,mejorada,1,4,2913931182286180210,2,1,24,11,20,7,2,12,1,perdido,0,colapso
31,10,12.0,mejorada,1,3,3420008128027789332,2,3,24,11,19,7,1,12,1,perdido,0,colapso
29,9,12.0,mejorada,1,4,4154077065378586294,6,3,24,18,18,7,0,12,1,perdido,0,colapso
494,164,12.0,mejorada,1,4,5117610750765228231,2,0,24,11,14,7,0,12,1,perdido,0,colapso
137,45,12.0,mejorada,1,4,7422641071193402884,5,3,25,13,18,8,2,12,1,perdido,0,colapso
372,124,12.0,mejorada,1,2,383823007534592520,2,4,18,14,13,8,1,12,1,perdido,0,victimas
886,295,12.0,mejorada,1,3,8325505766681033056,7,3,12,7,11,7,3,12,1,ganado,1,victoria
328,109,12.0,mejorada,1,3,8325037704680575679,3,4,19,16,17,6,1,12,1,perdido,0,victimas
709,236,12.0,mejorada,1,3,4310834394325476573,4,3,24,10,14,7,2,12,1,perdido,0,colapso
337,112,12.0,mejorada,1,3,2821951771681615127,2,4,21,10,15,8,1,12,1,perdido,0,victimas
133,44,12.0,mejorada,1,3,7676241779586807193,7,2,13,13,10,6,3,12,1,ganado,1,victoria
689,229,12.0,mejorada,1,4,976731152530218924,2,4,22,11,19,8,3,12,1,perdido,0,victimas
365,121,12.0,mejorada,1,4,5993776973025834150,2,3,25,7,17,8,2,12,1,perdido,0,colapso
364,121,12.0,mejorada,1,3,5993776973025834150,2,3,25,7,17,8,1,12,1,perdido,0,colapso
363,121,12.0,mejorada,1,2,5993776973025834150,2,3,25,7,17,8,1,12,1,perdido,0,colapso
507,169,12.0,mejorada,1,2,8788945634422117436,7,1,4,0,3,7,2,12,1,ganado,1,victoria
698,232,12.0,mejorada,1,4,8911916399578143358,4,2,24,24,19,7,1,12,1,perdido,0,colapso
497,165,12.0,mejorada,1,4,3421154220823127656,8,1,9,4,9,8,4,12,1,ganado,1,victoria
359,119,12.0,mejorada,1,4,5785902819806701605,4,3,26,14,20,8,0,12,1,perdido,0,colapso
823,274,13.0,mejorada,1,3,6278483331563398250,3,5,20,14,14,8,3,13,1,perdido,0,victimas
563,187,13.0,mejorada,1,4,871301224613422341,8,1,21,14,18,8,3,13,1,ganado,1,victoria
498,166,13.0,mejorada,1,2,7653459513276407468,4,4,12,16,12,8,0,13,1,perdido,0,victimas
755,251,13.0,mejorada,1,4,8001188835137877718,5,4,19,10,14,8,3,13,1,perdido,0,victimas
656,218,13.0,mejorada,1,4,8555254495387104291,3,4,19,19,12,7,0,13,1,perdido,0,victimas
529,176,13.0,mejorada,1,3,4013062056549745396,5,2,26,9,19,8,0,13,1,perdido,0,colapso
508,169,13.0,mejorada,1,3,8788945634422117436,7,2,17,8,15,7,2,13,1,ganado,1,victoria
1,0,13.0,mejorada,1,3,7138484576005690179,4,4,9,9,6,7,3,13,1,perdido,0,victimas
828,276,13.0,mejorada,1,2,2932950191596309256,2,4,11,9,7,8,1,13,1,perdido,0,victimas
255,85,13.0,mejorada,1,2,830544921056646276,2,4,14,14,11,7,1,13,1,perdido,0,victimas
691,230,13.0,mejorada,1,3,1294404315222758923,5,4,16,5,11,8,3,13,1,perdido,0,victimas
362,120,13.0,mejorada,1,4,5387352873253396078,7,3,22,15,14,7,3,13,1,ganado,1,victoria
21,7,13.0,mejorada,1,2,7250163532461132703,3,2,25,10,18,7,1,13,1,perdido,0,colapso
369,123,13.0,mejorada,1,2,3835146365897628933,3,4,8,11,8,7,2,13,1,perdido,0,victimas
351,117,13.0,mejorada,1,2,6635874509470750345,4,2,25,14,18,8,1,13,1,perdido,0,colapso
814,271,13.0,mejorada,1,3,1610783259504929798,6,3,24,13,18,7,1,13,1,perdido,0,colapso
687,229,13.0,mejorada,1,2,976731152530218924,4,4,11,12,10,7,1,13,1,perdido,0,victimas
690,230,13.0,mejorada,1,2,1294404315222758923,5,4,16,5,11,8,2,13,1,perdido,0,victimas
345,115,13.0,mejorada,1,2,7900872234267989194,3,1,24,12,16,8,0,13,1,perdido,0,colapso
25,8,13.0,mejorada,1,3,1181639697159514249,1,3,25,11,17,8,1,13,1,perdido,0,colapso
834,278,13.0,mejorada,1,2,8070496116316417892,7,3,13,6,11,7,1,13,1,ganado,1,victoria
115,38,13.0,mejorada,1,3,2092869344936845210,6,3,24,13,19,8,0,13,1,perdido,0,colapso
70,23,13.0,mejorada,1,3,8237588375927540125,7,3,17,12,12,7,1,13,1,ganado,1,victoria
685,228,13.0,mejorada,1,3,5847388317141204593,4,4,16,9,13,8,3,13,1,perdido,0,victimas
259,86,13.0,mejorada,1,3,6662589034851875519,4,2,24,12,15,7,0,13,1,perdido,0,colapso
266,88,13.0,mejorada,1,4,1487469617072345797,3,3,25,12,18,8,0,13,1,perdido,0,colapso
61,20,13.0,mejorada,1,3,6992125263385868793,1,2,24,9,21,7,3,13,1,perdido,0,colapso
681,227,13.0,mejorada,1,2,5120798098513749764,2,4,21,10,17,8,2,13,1,perdido,0,victimas
375,125,13.0,mejorada,1,2,4556261108682878519,0,3,25,12,18,8,1,13,1,perdido,0,colapso
712,237,13.0,mejorada,1,3,7238165253378328548,7,1,12,15,9,7,2,13,1,ganado,1,victoria
552,184,13.0,mejorada,1,2,7120557878436733737,5,4,20,3,14,7,2,13,1,perdido,0,victimas
373,124,13.0,mejorada,1,3,383823007534592520,4,4,22,7,16,8,2,13,1,perdido,0,victimas
228,76,13.0,mejorada,1,2,2707924455580344322,3,1,25,26,17,8,0,13,1,perdido,0,colapso
810,270,13.0,mejorada,1,2,510932467855766150,2,3,24,18,17,8,1,13,1,perdido,0,colapso
835,278,13.0,mejorada,1,3,8070496116316417892,7,2,15,9,12,8,2,13,1,ganado,1,victoria
147,49,13.0,mejorada,1,2,1288989149403113816,3,1,25,12,18,6,1,13,1,perdido,0,colapso
601,200,13.0,mejorada,1,3,7170294046349287546,8,2,8,10,7,7,2,13,1,ganado,1,victoria
75,25,13.0,mejorada,1,2,1795225215291384455,3,2,25,10,17,8,1,13,1,perdido,0,colapso
599,199,13.0,mejorada,1,4,2862230687000802517,2,0,24,16,14,7,0,13,1,perdido,0,colapso
533,177,13.0,mejorada,1,4,9153049027570592946,2,4,21,14,16,7,2,13,1,perdido,0,victimas
586,195,13.0,mejorada,1,3,1653458300556355730,5,4,16,9,14,8,3,13,1,perdido,0,victimas
855,285,13.0,mejorada,1,2,3839343217224162852,4,4,18,15,14,7,0,13,1,perdido,0,victimas
867,289,13.0,mejorada,1,2,937757786175947955,5,3,25,12,19,7,0,13,1,perdido,0,colapso
768,256,13.0,mejorada,1,2,7531517498733178494,7,2,20,14,13,7,2,13,1,ganado,1,victoria
663,221,13.0,mejorada,1,2,4506392421548718624,4,4,20,17,15,7,1,13,1,perdido,0,victimas
882,294,13.0,mejorada,1,2,7780605619557833769,7,1,10,6,9,8,2,13,1,ganado,1,victoria
802,267,13.0,mejorada,1,3,1416833493700755846,7,3,16,10,15,7,3,13,1,ganado,1,victoria
163,54,13.0,mejorada,1,3,6504002634580250602,5,3,26,13,22,7,0,13,1,perdido,0,colapso
794,264,13.0,mejorada,1,4,8494453302709679971,4,2,24,9,19,8,2,13,1,perdido,0,colapso
468,156,13.0,mejorada,1,2,2593923817679570304,6,3,24,8,15,6,1,13,1,perdido,0,colapso
775,258,13.0,mejorada,1,3,613897100045407464,4,1,24,7,16,7,3,13,1,perdido,0,colapso
213,71,13.0,mejorada,1,2,3768011668784017290,6,3,24,11,18,7,2,13,1,perdido,0,colapso
853,284,13.0,mejorada,1,3,5268691266622692472,3,1,26,15,21,8,0,13,1,perdido,0,colapso
76,25,13.0,mejorada,1,3,1795225215291384455,5,3,24,11,20,6,3,13,1,perdido,0,colapso
465,155,13.0,mejorada,1,2,6200320476196052908,4,4,11,11,7,7,2,13,1,perdido,0,victimas
171,57,13.0,mejorada,1,2,5245711642959262883,7,2,18,11,12,8,2,13,1,ganado,1,victoria
796,265,13.0,mejorada,1,3,1526760662688963121,5,2,25,20,18,8,0,13,1,perdido,0,colapso
458,152,13.0,mejorada,1,4,1293569525664144302,2,3,24,12,18,7,4,13,1,perdido,0,colapso
726,242,13.0,mejorada,1,2,2145732114086352626,5,3,24,21,15,8,1,13,1,perdido,0,colapso
725,241,13.0,mejorada,1,4,7349340450946339022,3,3,26,12,20,7,2,13,1,perdido,0,colapso
678,226,13.0,mejorada,1,2,229288337702429089,7,0,3,2,3,7,2,13,1,ganado,1,victoria
792,264,13.0,mejorada,1,2,8494453302709679971,4,4,20,12,17,7,1,13,1,perdido,0,victimas
632,210,13.0,mejorada,1,4,6403440735147287998,5,3,26,17,18,7,0,13,1,perdido,0,colapso
187,62,13.0,mejorada,1,3,5213382898739266301,0,0,25,13,18,7,1,13,1,perdido,0,colapso
788,262,13.0,mejorada,1,4,2862332153537753568,6,1,25,9,17,8,1,13,1,perdido,0,colapso
517,172,13.0,mejorada,1,3,2360861258752227985,4,3,24,17,17,8,0,13,1,perdido,0,colapso
738,246,13.0,mejorada,1,2,5562681690224976758,3,2,25,13,17,8,0,13,1,perdido,0,colapso
670,223,13.0,mejorada,1,3,8814068826815106401,7,3,17,6,13,7,3,13,1,ganado,1,victoria
288,96,13.0,mejorada,1,2,3337132314759568599,3,2,24,20,18,8,0,13,1,perdido,0,colapso
193,64,13.0,mejorada,1,3,5854243203972891490,5,1,24,8,14,7,3,13,1,perdido,0,colapso
873,291,13.0,mejorada,1,2,479263626137024775,7,0,6,7,6,8,2,13,1,ganado,1,victoria
675,225,13.0,mejorada,1,2,8529852206364137934,3,3,24,9,15,7,2,13,1,perdido,0,colapso
45,15,13.0,mejorada,1,2,2095907272200333468,7,2,3,9,3,8,2,13,1,ganado,1,victoria
197,65,13.0,mejorada,1,4,5105868764207785778,3,2,26,11,20,8,1,13,1,perdido,0,colapso
441,147,13.0,mejorada,1,2,4802355277317977330,5,4,10,7,7,8,2,13,1,perdido,0,victimas
850,283,13.0,mejorada,1,3,2300194393269822563,4,3,24,10,19,7,0,13,1,perdido,0,colapso
891,297,13.0,mejorada,1,2,7397383076949300129,4,3,25,10,18,7,0,13,1,perdido,0,colapso
612,204,13.0,mejorada,1,2,128539566345389180,7,0,2,0,2,7,2,13,1,ganado,1,victoria
138,46,13.0,mejorada,1,2,3573857246032727844,5,4,2,6,2,7,2,13,1,perdido,0,victimas
69,23,13.0,mejorada,1,2,8237588375927540125,7,1,0,4,0,8,2,13,1,ganado,1,victoria
415,138,13.0,mejorada,1,3,7219458207281458726,4,3,24,13,18,7,0,13,1,perdido,0,colapso
358,119,14.0,mejorada,1,3,5785902819806701605,3,3,26,11,19,7,1,14,1,perdido,0,colapso
892,297,14.0,mejorada,1,3,7397383076949300129,4,1,24,13,16,8,1,14,1,perdido,0,colapso
560,186,14.0,mejorada,1,4,3446384247848441377,4,4,23,14,15,8,0,14,1,perdido,0,victimas
495,165,14.0,mejorada,1,2,3421154220823127656,6,4,9,11,8,7,2,14,1,perdido,0,victimas
136,45,14.0,mejorada,1,3,7422641071193402884,7,2,21,15,16,8,1,14,1,ganado,1,victoria
360,120,14.0,mejorada,1,2,5387352873253396078,4,2,25,11,22,7,2,14,1,perdido,0,colapso
562,187,14.0,mejorada,1,3,871301224613422341,7,3,16,9,15,8,1,14,1,ganado,1,victoria
543,181,14.0,mejorada,1,2,8240590753011135886,7,2,2,2,2,8,2,14,1,ganado,1,victoria
876,292,14.0,mejorada,1,2,8530160633213701926,5,4,8,14,8,7,0,14,1,perdido,0,victimas
204,68,14.0,mejorada,1,2,284244353590349238,5,4,21,19,15,7,0,14,1,perdido,0,victimas
515,171,14.0,mejorada,1,4,4750563523138493357,4,2,25,15,17,7,0,14,1,perdido,0,colapso
384,128,14.0,mejorada,1,2,953724041019979856,6,1,24,18,18,8,0,14,1,perdido,0,colapso
580,193,14.0,mejorada,1,3,7665661379552511350,3,2,24,14,18,7,0,14,1,perdido,0,colapso
49,16,14.0,mejorada,1,3,5115141816626912272,6,2,26,10,21,8,3,14,1,perdido,0,colapso
48,16,14.0,mejorada,1,2,5115141816626912272,4,2,26,13,19,7,1,14,1,perdido,0,colapso
731,243,14.0,mejorada,1,4,4895485399944168328,6,2,25,12,16,7,0,14,1,perdido,0,colapso
730,243,14.0,mejorada,1,3,4895485399944168328,3,2,24,6,15,8,0,14,1,perdido,0,colapso
633,211,14.0,mejorada,1,2,5359854683639935958,7,3,18,4,14,7,2,14,1,ganado,1,victoria
93,31,14.0,mejorada,1,2,8923702211518539140,7,3,8,8,8,6,2,14,1,ganado,1,victoria
845,281,14.0,mejorada,1,4,1674027355806194816,3,2,26,15,18,8,0,14,1,perdido,0,colapso
635,211,14.0,mejorada,1,4,5359854683639935958,6,3,26,11,20,8,3,14,1,perdido,0,colapso
437,145,14.0,mejorada,1,4,2462415865482533468,5,1,25,9,17,8,1,14,1,perdido,0,colapso
291,97,14.0,mejorada,1,2,808427814852703457,2,4,13,9,9,8,2,14,1,perdido,0,victimas
390,130,14.0,mejorada,1,2,1573442415687162831,7,3,9,6,8,7,2,14,1,ganado,1,victoria
540,180,14.0,mejorada,1,2,8216110551009199403,4,4,16,9,13,7,0,14,1,perdido,0,victimas
843,281,14.0,mejorada,1,2,1674027355806194816,4,4,4,7,4,8,2,14,1,perdido,0,victimas
727,242,14.0,mejorada,1,3,2145732114086352626,5,2,24,9,17,8,3,14,1,perdido,0,colapso
164,54,14.0,mejorada,1,4,6504002634580250602,1,3,24,10,17,7,1,14,1,perdido,0,colapso
512,170,14.0,mejorada,1,4,2683243453323814181,6,4,24,14,20,7,1,14,1,perdido,0,victimas
170,56,14.0,mejorada,1,4,4232750931371847818,3,3,25,11,21,8,2,14,1,perdido,0,colapso
462,154,14.0,mejorada,1,2,1001434454669433306,4,3,26,15,21,7,1,14,1,perdido,0,colapso
273,91,14.0,mejorada,1,2,6422421876184220429,7,2,19,13,12,8,2,14,1,ganado,1,victoria
402,134,14.0,mejorada,1,2,5450233420273996561,7,2,13,5,12,7,2,14,1,ganado,1,victoria
870,290,14.0,mejorada,1,2,7687298318890824016,3,4,17,15,14,8,0,14,1,perdido,0,victimas
878,292,14.0,mejorada,1,4,8530160633213701926,6,3,24,16,17,8,1,14,1,perdido,0,colapso
591,197,14.0,mejorada,1,2,8066411071954915232,5,2,25,19,20,7,1,14,1,perdido,0,colapso
217,72,14.0,mejorada,1,3,7871254042147531455,6,1,24,9,15,8,2,14,1,perdido,0,colapso
804,268,14.0,mejorada,1,2,1065207823745613756,7,1,3,11,3,7,2,14,1,ganado,1,victoria
742,247,14.0,mejorada,1,3,3805301075240156879,4,4,20,15,15,8,0,14,1,perdido,0,victimas
154,51,14.0,mejorada,1,3,67904952949206819,4,4,21,21,14,7,0,14,1,perdido,0,victimas
105,35,14.0,mejorada,1,2,1747564835162871655,5,3,24,16,21,7,1,14,1,perdido,0,colapso
717,239,14.0,mejorada,1,2,1006675687759647796,1,4,12,10,10,7,0,14,1,perdido,0,victimas
680,226,14.0,mejorada,1,4,229288337702429089,5,2,25,14,19,8,2,14,1,perdido,0,colapso
111,37,14.0,mejorada,1,2,4387603514346341532,7,2,6,8,6,8,2,14,1,ganado,1,victoria
72,24,14.0,mejorada,1,2,7179320580859366615,4,3,25,7,18,8,1,14,1,perdido,0,colapso
145,48,14.0,mejorada,1,3,6294909946641896535,6,2,25,9,20,7,2,14,1,perdido,0,colapso
325,108,14.0,mejorada,1,3,889049704932113065,6,3,25,10,16,8,0,14,1,perdido,0,colapso
27,9,14.0,mejorada,1,2,4154077065378586294,5,3,24,9,18,7,1,14,1,perdido,0,colapso
419,139,14.0,mejorada,1,4,763049567893618475,7,3,21,14,15,8,2,14,1,ganado,1,victoria
749,249,14.0,mejorada,1,4,3928068926454801528,5,4,17,9,14,7,3,14,1,perdido,0,victimas
409,136,14.0,mejorada,1,3,8841148243080661991,2,1,25,17,18,7,0,14,1,perdido,0,colapso
590,196,14.0,mejorada,1,4,5528330478685303892,6,3,26,16,19,8,2,14,1,perdido,0,colapso
366,122,14.0,mejorada,1,2,778861390272838078,7,2,6,8,6,7,2,14,1,ganado,1,victoria
258,86,14.0,mejorada,1,2,6662589034851875519,4,1,25,14,18,8,1,14,1,perdido,0,colapso
693,231,14.0,mejorada,1,2,3865647293027420680,5,3,24,17,17,8,0,14,1,perdido,0,colapso
240,80,14.0,mejorada,1,2,6127210931559624285,6,4,24,12,16,8,2,14,1,perdido,0,victimas
588,196,14.0,mejorada,1,2,5528330478685303892,3,4,20,13,13,8,2,14,1,perdido,0,victimas
132,44,14.0,mejorada,1,2,7676241779586807193,7,2,6,8,6,7,2,14,1,ganado,1,victoria
697,232,14.0,mejorada,1,3,8911916399578143358,5,2,26,14,21,8,1,14,1,perdido,0,colapso
864,288,15.0,mejorada,1,2,4830768301422489395,3,1,25,17,18,7,0,15,1,perdido,0,colapso
361,120,15.0,mejorada,1,3,5387352873253396078,7,2,16,10,11,8,1,15,1,ganado,1,victoria
585,195,15.0,mejorada,1,2,1653458300556355730,7,2,14,1,12,8,2,15,1,ganado,1,victoria
658,219,15.0,mejorada,1,3,3667011595388186359,7,3,22,13,18,7,1,15,1,ganado,1,victoria
406,135,15.0,mejorada,1,3,210328586387355560,7,2,19,7,15,8,3,15,1,ganado,1,victoria
429,143,15.0,mejorada,1,2,5273260530970936524,6,2,24,17,14,7,0,15,1,perdido,0,colapso
234,78,15.0,mejorada,1,2,5137714777533577109,6,3,25,12,17,8,0,15,1,perdido,0,colapso
660,220,15.0,mejorada,1,2,2775761748300347022,7,3,19,10,16,7,2,15,1,ganado,1,victoria
559,186,15.0,mejorada,1,3,3446384247848441377,3,3,24,14,15,8,2,15,1,perdido,0,colapso
424,141,15.0,mejorada,1,3,4525973170018542717,2,3,25,10,20,8,0,15,1,perdido,0,colapso
116,38,15.0,mejorada,1,4,2092869344936845210,3,2,26,10,19,8,0,15,1,perdido,0,colapso
323,107,15.0,mejorada,1,4,2510985208792310179,5,4,21,7,15,8,1,15,1,perdido,0,victimas
78,26,15.0,mejorada,1,2,4304741454788720907,6,3,25,27,18,7,1,15,1,perdido,0,colapso
815,271,15.0,mejorada,1,4,1610783259504929798,5,3,24,14,18,7,0,15,1,perdido,0,colapso
769,256,15.0,mejorada,1,3,7531517498733178494,5,2,24,9,14,7,1,15,1,perdido,0,colapso
477,159,15.0,mejorada,1,2,7089521783151875089,3,1,24,8,17,8,2,15,1,perdido,0,colapso
106,35,15.0,mejorada,1,3,1747564835162871655,6,1,24,14,16,6,0,15,1,perdido,0,colapso
310,103,15.0,mejorada,1,3,8939074297609209164,4,2,26,16,17,7,0,15,1,perdido,0,colapso
604,201,15.0,mejorada,1,3,8963516682807242371,7,0,21,16,16,8,2,15,1,ganado,1,victoria
243,81,15.0,mejorada,1,2,3748257213951522985,2,3,25,13,18,8,0,15,1,perdido,0,colapso
128,42,15.0,mejorada,1,4,6458805560192802266,6,3,24,12,17,8,1,15,1,perdido,0,colapso
0,0,15.0,mejorada,1,2,7138484576005690179,7,1,12,4,10,7,2,15,1,ganado,1,victoria
301,100,15.0,mejorada,1,3,8380177735898741051,5,4,16,12,11,7,1,15,1,perdido,0,victimas
42,14,15.0,mejorada,1,2,4089774122208370449,7,2,11,16,11,7,1,15,1,ganado,1,victoria
190,63,15.0,mejorada,1,3,7055869069716825080,3,3,25,15,14,7,0,15,1,perdido,0,colapso
459,153,15.0,mejorada,1,2,5110081473724927983,7,1,23,8,19,8,1,15,1,ganado,1,victoria
619,206,15.0,mejorada,1,3,1215845357368378696,4,3,25,10,17,8,1,15,1,perdido,0,colapso
321,107,15.0,mejorada,1,2,2510985208792310179,6,2,24,16,18,7,0,15,1,perdido,0,colapso
510,170,15.0,mejorada,1,2,2683243453323814181,6,4,21,13,14,8,1,15,1,perdido,0,victimas
729,243,15.0,mejorada,1,2,4895485399944168328,7,1,4,7,4,7,2,15,1,ganado,1,victoria
159,53,15.0,mejorada,1,2,6132166799369894492,4,2,24,12,16,8,0,15,1,perdido,0,colapso
549,183,15.0,mejorada,1,2,2913931182286180210,7,1,3,4,3,8,2,15,1,ganado,1,victoria
813,271,16.0,mejorada,1,2,1610783259504929798,6,3,25,13,20,8,1,16,1,perdido,0,colapso
387,129,16.0,mejorada,1,2,5420064514633398218,5,3,25,19,20,7,1,16,1,perdido,0,colapso
640,213,16.0,mejorada,1,3,7416739668938578572,5,4,21,17,17,7,3,16,1,perdido,0,victimas
24,8,16.0,mejorada,1,2,1181639697159514249,7,2,12,6,8,8,2,16,1,ganado,1,victoria
330,110,16.0,mejorada,1,2,4203794286712746030,2,3,25,7,22,6,2,16,1,perdido,0,colapso
534,178,16.0,mejorada,1,2,8224271163474684205,2,3,26,13,17,8,0,16,1,perdido,0,colapso
277,92,16.0,mejorada,1,3,4115065316196789028,8,1,11,12,10,7,1,16,1,ganado,1,victoria
210,70,16.0,mejorada,1,2,1979194270821277478,5,2,24,8,16,8,1,16,1,perdido,0,colapso
278,92,16.0,mejorada,1,4,4115065316196789028,5,2,26,9,20,8,1,16,1,perdido,0,colapso
492,164,16.0,mejorada,1,2,5117610750765228231,2,4,17,9,14,7,0,16,1,perdido,0,victimas
702,234,16.0,mejorada,1,2,8605620291843545556,7,1,9,5,7,8,2,16,1,ganado,1,victoria
747,249,16.0,mejorada,1,2,3928068926454801528,7,3,21,7,16,8,2,16,1,ganado,1,victoria
530,176,16.0,mejorada,1,4,4013062056549745396,2,2,24,15,17,7,1,16,1,perdido,0,colapso
859,286,16.0,mejorada,1,3,454289072440062170,3,3,24,15,18,8,2,16,1,perdido,0,colapso
348,116,16.0,mejorada,1,2,6996107820890309404,7,1,17,10,12,7,2,16,1,ganado,1,victoria
140,46,16.0,mejorada,1,4,3573857246032727844,5,3,25,20,16,8,0,16,1,perdido,0,colapso
558,186,16.0,mejorada,1,2,3446384247848441377,4,4,25,7,17,8,2,16,1,perdido,0,victimas
421,140,16.0,mejorada,1,3,4488630840155108969,5,3,24,10,20,7,0,16,1,perdido,0,colapso
435,145,16.0,mejorada,1,2,2462415865482533468,4,3,24,9,18,7,2,16,1,perdido,0,colapso
594,198,16.0,mejorada,1,2,1811790002820711025,4,3,25,13,18,8,2,16,1,perdido,0,colapso
144,48,16.0,mejorada,1,2,6294909946641896535,4,3,24,20,16,7,0,16,1,perdido,0,colapso
438,146,16.0,mejorada,1,2,3058184218377271978,6,4,17,11,15,8,0,16,1,perdido,0,victimas
482,160,16.0,mejorada,1,4,993734828153898530,7,2,20,12,17,8,1,16,1,ganado,1,victoria
679,226,16.0,mejorada,1,3,229288337702429089,7,2,26,11,20,7,3,16,1,perdido,0,colapso
456,152,16.0,mejorada,1,2,1293569525664144302,7,3,2,1,2,8,2,16,1,ganado,1,victoria
30,10,16.0,mejorada,1,2,3420008128027789332,7,2,16,10,14,7,2,16,1,ganado,1,victoria
720,240,16.0,mejorada,1,2,7650128693076619938,5,4,19,9,14,8,0,16,1,perdido,0,victimas
444,148,16.0,mejorada,1,2,4048243689632662950,4,3,25,9,21,8,2,16,1,perdido,0,colapso
513,171,16.0,mejorada,1,2,4750563523138493357,3,3,25,8,20,8,2,16,1,perdido,0,colapso
192,64,16.0,mejorada,1,2,5854243203972891490,7,2,11,7,9,8,2,16,1,ganado,1,victoria
39,13,16.0,mejorada,1,2,7588636456839696474,7,3,18,7,15,7,2,16,1,ganado,1,victoria
385,128,16.0,mejorada,1,3,953724041019979856,6,2,24,9,17,8,0,16,1,perdido,0,colapso
84,28,16.0,mejorada,1,2,1423069386716347727,4,4,19,9,15,7,2,16,1,perdido,0,victimas
596,198,16.0,mejorada,1,4,1811790002820711025,6,3,25,19,20,8,0,16,1,perdido,0,colapso
443,147,16.0,mejorada,1,4,4802355277317977330,6,3,27,12,23,7,2,16,1,perdido,0,colapso
377,125,16.0,mejorada,1,4,4556261108682878519,4,1,25,14,16,8,1,16,1,perdido,0,colapso
381,127,16.0,mejorada,1,2,1333000362236215915,7,2,18,11,14,8,1,16,1,ganado,1,victoria
894,298,16.0,mejorada,1,2,7189411352906604064,7,3,12,5,8,8,2,16,1,ganado,1,victoria
123,41,16.0,mejorada,1,2,7680100789218536959,8,2,7,0,6,7,2,16,1,ganado,1,victoria
12,4,16.0,mejorada,1,2,868632717012091125,6,1,25,10,19,7,2,16,1,perdido,0,colapso
561,187,16.0,mejorada,1,2,871301224613422341,6,4,21,10,17,8,2,16,1,perdido,0,victimas
411,137,16.0,mejorada,1,2,4448464033578097061,5,2,26,16,17,8,0,16,1,perdido,0,colapso
609,203,17.0,mejorada,1,2,1327220201204445598,5,4,16,16,13,8,1,17,1,perdido,0,victimas
252,84,17.0,mejorada,1,2,209481900241850334,6,1,24,12,15,7,0,17,1,perdido,0,colapso
309,103,17.0,mejorada,1,2,8939074297609209164,7,1,15,16,14,7,1,17,1,ganado,1,victoria
881,293,17.0,mejorada,1,4,914157378532652776,3,3,26,8,21,7,3,17,1,perdido,0,colapso
501,167,17.0,mejorada,1,2,7454804026184590417,4,4,17,11,14,7,0,17,1,perdido,0,victimas
33,11,17.0,mejorada,1,2,8547898282882222422,7,1,12,6,12,8,2,17,1,ganado,1,victoria
315,105,17.0,mejorada,1,2,6612144924184611097,7,2,9,9,9,8,2,17,1,ganado,1,victoria
780,260,17.0,mejorada,1,2,1348210213023278175,4,4,19,10,14,7,1,17,1,perdido,0,victimas
847,282,17.0,mejorada,1,3,2183586024013075069,7,1,17,14,13,8,1,17,1,ganado,1,victoria
846,282,17.0,mejorada,1,2,2183586024013075069,7,1,10,6,7,8,2,17,1,ganado,1,victoria
636,212,17.0,mejorada,1,2,1842605159165816250,4,2,24,10,15,8,2,17,1,perdido,0,colapso
837,279,17.0,mejorada,1,2,7850303646514649234,7,2,10,10,8,7,2,17,1,ganado,1,victoria
324,108,17.0,mejorada,1,2,889049704932113065,7,2,19,2,15,8,2,17,1,ganado,1,victoria
405,135,17.0,mejorada,1,2,210328586387355560,7,3,14,4,13,8,2,17,1,ganado,1,victoria
771,257,17.0,mejorada,1,2,971018897820300926,3,0,24,7,17,8,0,17,1,perdido,0,colapso
267,89,17.0,mejorada,1,2,4621322367900553788,6,2,24,17,19,7,0,17,1,perdido,0,colapso
486,162,17.0,mejorada,1,2,2123349286112584630,7,3,7,0,7,7,2,17,1,ganado,1,victoria
816,272,17.0,mejorada,1,2,492361424666756014,6,1,24,26,16,7,1,17,1,perdido,0,colapso
60,20,17.0,mejorada,1,2,6992125263385868793,6,3,24,11,18,7,0,17,1,perdido,0,colapso
342,114,17.0,mejorada,1,2,1630441143038709432,7,2,16,12,10,7,1,17,1,ganado,1,victoria
741,247,17.0,mejorada,1,2,3805301075240156879,7,1,21,4,16,8,2,17,1,ganado,1,victoria
684,228,17.0,mejorada,1,2,5847388317141204593,6,2,26,13,18,8,0,17,1,perdido,0,colapso
207,69,17.0,mejorada,1,2,4028006955853994645,6,2,24,13,15,8,0,17,1,perdido,0,colapso
696,232,17.0,mejorada,1,2,8911916399578143358,4,0,25,9,18,7,0,17,1,perdido,0,colapso
297,99,18.0,mejorada,1,2,8871940021521908407,7,2,14,9,11,8,2,18,1,ganado,1,victoria
516,172,18.0,mejorada,1,2,2360861258752227985,7,2,14,6,9,8,1,18,1,ganado,1,victoria
645,215,18.0,mejorada,1,2,6815924397397588665,7,3,14,6,14,8,2,18,1,ganado,1,victoria
570,190,18.0,mejorada,1,2,8640576216391083761,7,3,20,11,18,8,1,18,1,ganado,1,victoria
57,19,18.0,mejorada,1,2,5826075755539127445,7,2,15,0,11,8,2,18,1,ganado,1,victoria
294,98,18.0,mejorada,1,2,1088412337802183605,6,4,21,10,15,8,2,18,1,perdido,0,victimas
81,27,18.0,mejorada,1,2,404018428470862364,5,3,25,17,17,8,0,18,1,perdido,0,colapso
615,205,18.0,mejorada,1,2,2118203005186523722,5,4,10,6,8,8,2,18,1,perdido,0,victimas
621,207,18.0,mejorada,1,2,6250298060732927806,7,3,18,6,15,8,2,18,1,ganado,1,victoria
880,293,18.0,mejorada,1,3,914157378532652776,7,3,16,6,15,8,3,18,1,ganado,1,victoria
567,189,18.0,mejorada,1,2,2420770983341428564,5,4,21,11,16,8,0,18,1,perdido,0,victimas
417,139,18.0,mejorada,1,2,763049567893618475,5,4,17,17,15,8,0,18,1,perdido,0,victimas
825,275,18.0,mejorada,1,2,3630600148398900764,7,3,11,14,6,7,1,18,1,ganado,1,victoria
73,24,19.0,mejorada,1,3,7179320580859366615,6,4,14,11,11,8,1,19,1,perdido,0,victimas
597,199,19.0,mejorada,1,2,2862230687000802517,6,3,24,12,17,8,0,19,1,perdido,0,colapso
639,213,19.0,mejorada,1,2,7416739668938578572,5,3,24,9,20,8,2,19,1,perdido,0,colapso
300,100,19.0,mejorada,1,2,8380177735898741051,7,2,8,3,6,8,2,19,1,ganado,1,victoria
852,284,19.0,mejorada,1,2,5268691266622692472,6,3,24,16,16,7,0,19,1,perdido,0,colapso
528,176,19.0,mejorada,1,2,4013062056549745396,7,3,19,10,14,8,1,19,1,ganado,1,victoria
219,73,19.0,mejorada,1,2,2157710912246567342,7,2,14,10,12,8,2,19,1,ganado,1,victoria
885,295,19.0,mejorada,1,2,8325505766681033056,6,4,22,9,16,8,2,19,1,perdido,0,victimas
576,192,19.0,mejorada,1,2,1132242081106209098,7,3,16,5,13,8,2,19,1,ganado,1,victoria
840,280,19.0,mejorada,1,2,400986671269313044,5,3,26,8,22,8,2,19,1,perdido,0,colapso
153,51,19.0,mejorada,1,2,67904952949206819,6,3,24,16,18,8,0,19,1,perdido,0,colapso
546,182,19.0,mejorada,1,2,4785623692276692567,7,2,16,9,13,8,2,19,1,ganado,1,victoria
600,200,19.0,mejorada,1,2,7170294046349287546,4,4,18,10,14,7,2,19,1,perdido,0,victimas
114,38,20.0,mejorada,1,2,2092869344936845210,7,2,23,6,17,8,2,20,1,ganado,1,victoria
150,50,20.0,mejorada,1,2,1843827724646817314,7,3,22,12,16,8,1,20,1,ganado,1,victoria
699,233,20.0,mejorada,1,2,5497522218277438576,6,3,25,6,17,8,2,20,1,perdido,0,colapso
723,241,20.0,mejorada,1,2,7349340450946339022,7,3,7,10,6,7,2,20,1,ganado,1,victoria
408,136,20.0,mejorada,1,2,8841148243080661991,4,4,19,9,15,8,2,20,1,perdido,0,victimas
801,267,20.0,mejorada,1,2,1416833493700755846,7,3,22,16,19,8,1,20,1,ganado,1,victoria
858,286,20.0,mejorada,1,2,454289072440062170,7,3,13,8,13,8,2,20,1,ganado,1,victoria
651,217,21.0,mejorada,1,2,1141427372043005697,6,3,24,13,19,8,1,21,1,perdido,0,colapso
603,201,22.0,mejorada,1,2,8963516682807242371,7,2,5,5,5,8,2,22,1,ganado,1,victoria
831,277,25.0,mejorada,1,2,4653433186410401850,6,3,24,9,16,8,1,25,1,perdido,0,colapso
